"id","company_name","level_of_certification","date_of_award","expiry_date","sector_id","email","phone_no","created_by","updated_by","created_at","updated_at","deleted_at"
"1","DIESEL LOCO SHED, KAZIPET","Gold","2020-01-01","2023-01-04","30","srdmedslkzj@gmail.com","9701371476",NULL,NULL,"2023-05-18 13:26:29.0000",NULL,NULL
"2","HONDA MOTORCYCLE AND SCOOTER INDIA PVTD LTD","Platinum","2020-01-01","2023-01-12","3","sachin.pandey@honda2wheelersindia.com","7069150005",NULL,NULL,"2023-05-18 13:27:33.0000",NULL,NULL
"3","THE INDIAN STEEL & WIRE PRODUCTS LIMITED","Silver","2020-01-01","2023-01-01","63","pkojha@tatasteel.com","9234540346",NULL,NULL,"2023-05-18 13:28:50.0000",NULL,NULL
"4","THE RAMARAJU SURGICAL COTTON MILLS LTD - 2","Bronze","2020-01-01","2023-01-12","50","vel@ramcotex.com","9994944031",NULL,NULL,"2023-05-18 13:55:55.0000",NULL,NULL
"5","THE RAMARAJU SURGICAL COTTON MILLS LTD- 3","Bronze","2020-01-01","2023-01-12","50","vel@ramcotex.com","9994944031",NULL,NULL,"2023-05-18 13:56:50.0000",NULL,NULL
"6","INDIAN OIL CORPORATION LTD-CHENNAI LPG UNIT (ENNORE)","Gold","2020-01-15","2023-01-14","59","skumar123@indianoil.in","9498416359",NULL,NULL,"2023-05-18 13:58:24.0000",NULL,NULL
"7","ACC LTD","Gold","2020-01-02","2023-01-02","6","vikaskumar.prasad@acclimited.com","9480686448",NULL,NULL,"2023-05-18 14:00:25.0000",NULL,NULL
"8","EATON FLUID POWER LTD","Gold","2020-01-02","2023-01-02","11","PrasannaGKumar@Eaton.com","9765406181",NULL,NULL,"2023-05-18 14:04:45.0000",NULL,NULL
"9","EATON INDUSTRIAL SYSTEMS PVT. LTD","Gold","2020-01-02","2023-01-02","11","KaushalyaGaonkar@Eaton.com","9765401398",NULL,NULL,"2023-05-18 14:05:55.0000",NULL,NULL
"10","HPCL - MUNDRA OIL TERMINAL","Platinum","2020-01-02","2023-01-01","59","keshavsinghal@hpcl.in","9930091232",NULL,NULL,"2023-05-18 14:08:58.0000",NULL,NULL
"11","HPCL - KANPUR OIL TERMINAL","Gold","2020-01-02","2023-01-01","59","keshavsinghal@hpcl.in","9930091232",NULL,NULL,"2023-05-18 14:11:56.0000",NULL,NULL
"12","HPCL - BHOPAL LPG BOTTLING UNIT","Platinum","2020-03-01","2023-02-01","59","keshavsinghal@hpcl.in","9930091232",NULL,NULL,"2023-05-25 11:58:23.0000",NULL,NULL
"13","HPCL - CALICUT AVIATION FUEL TERMINAL","Platinum","2020-03-01","2023-02-01","59","keshavsinghal@hpcl.in","9930091232",NULL,NULL,"2023-05-25 12:23:55.0000",NULL,NULL
"14","INDIAN OIL CORPORATION LTD - LPG TERMINAL","Silver","2020-03-01","2023-02-01","59","sharmarajeev@indianoil.in","9112065225",NULL,NULL,"2023-05-25 12:27:56.0000",NULL,NULL
"15","INDIAN OIL CORPORATION LTD, AHMEDABAD TERNMINAL","Gold","2020-03-01","2023-02-01","59","sourabh@indianoil.in","9825829459",NULL,NULL,"2023-05-25 12:33:41.0000",NULL,NULL
"16","MARICO LTD","Platinum","2020-03-01","2023-05-01","13","a.gobinath@marico.com","9994853465",NULL,NULL,"2023-05-25 12:34:43.0000",NULL,NULL
"17","AJAY POLY PVT LIMITED","Silver","2020-06-01","2023-06-01","11","jasmeet.singh@applindia.co.in","9872133701",NULL,NULL,"2023-05-25 12:35:49.0000",NULL,NULL
"18","BMR HVAC","Silver","2020-06-01","2023-06-01","11","nayak.k@baglagroup.com","9315912131",NULL,NULL,"2023-05-25 12:37:10.0000",NULL,NULL
"19","DALMIA CEMENT (BHARAT) LIMITED, UNIT-KAPILAS CEMENT MANUFACTURING WORKS","Platinum","2020-06-01","2023-06-01","6","patel.mohan@gmail.com","8118095036",NULL,NULL,"2023-05-25 12:44:04.0000",NULL,NULL
"20","INDIA SEAH PRECISION METAL PVT. LTD","Bronze","2020-06-01","2023-06-01","11","arunsharma@indiaseah.com","9999704835",NULL,NULL,"2023-05-25 12:45:24.0000",NULL,NULL
"21","TRIVENI ELECTROPLAST","Silver","2020-06-01","2023-06-01","11","brijesh@trivenielectroplast.in","9810478121",NULL,NULL,"2023-05-25 12:46:27.0000",NULL,NULL
"22","UKB ELECTRONICS PVT LTD","Bronze","2020-06-01","2023-06-01","11","sambhavtayal@ukbindia.com","9958222471",NULL,NULL,"2023-05-25 12:47:14.0000",NULL,NULL
"23","VI-SON INDUSTRIES","Bronze","2020-06-01","2023-06-01","11","qa.hp@vi-son.com","8739988288",NULL,NULL,"2023-05-25 12:48:07.0000",NULL,NULL
"24","XPRO INDIA LIMTED","Bronze","2020-06-01","2023-06-01","11","smaheshwari@xproindia.com","9970058438",NULL,NULL,"2023-05-25 12:49:19.0000",NULL,NULL
"25","INDIAN OIL CORPORATION LTD (IOCL), LUBE BLENDING PLANT","Gold","2020-07-01","2023-07-01","59","kumardevesh@indianoil.in","8295930946",NULL,NULL,"2023-05-25 13:18:03.0000",NULL,NULL
"26","ITC LTD - PSPD","Platinum+","2020-07-01","2023-06-01","29","Phani.Marella@itc.in","9866220187",NULL,NULL,"2023-05-25 13:19:18.0000","2023-05-25 18:53:21",NULL
"27","INDIAN OIL CORPORATION LTD - LUBE PLANT","Silver","2020-07-10","2023-07-09","59","kapilkumar@indianoil.in","9833289918",NULL,NULL,"2023-05-25 13:20:27.0000",NULL,NULL
"28","GALAXY SURFACTANTS LTD","Silver","2020-08-01","2023-08-01","7","sreeja.mala@galaxysurfactants.com","9833366188",NULL,NULL,"2023-05-25 13:24:05.0000",NULL,NULL
"29","ACSEN TEX PRIVATE LIMITED, ATTUR","Gold","2020-09-01","2023-09-01","34","hr@acsentex.com","9944941681",NULL,NULL,"2023-05-25 13:28:22.0000",NULL,NULL
"30","CHANVIM ENGINEERING (I) PVT LTD","Bronze","2020-09-01","2023-09-01","11","sable@boranagroup.com","8600047426",NULL,NULL,"2023-05-25 13:29:36.0000",NULL,NULL
"31","COCHIN SHIPYARD LTD","Silver","2020-09-01","2023-09-01","62","jayasree.kk@cochinshipyard.com","9895705108",NULL,NULL,"2023-05-25 13:31:31.0000",NULL,NULL
"32","DESHMUKH UDYOG PVT LTD","Platinum","2020-09-01","2023-09-01","11","uday@deshmukhudyog.com","9422401968",NULL,NULL,"2023-05-25 13:33:02.0000",NULL,NULL
"33","JK TYRE INDUSTRIES LIMITED","Gold","2020-09-01","2023-09-01","11","ajay.chaudhary@jkmail.com","8349994727",NULL,NULL,"2023-05-25 13:44:04.0000",NULL,NULL
"34","MAGNUM CLOTHING PVT LTD","Bronze","2020-09-01","2023-09-01","49","umapriya@magnumclothing.com","9444035608",NULL,NULL,"2023-05-25 13:45:11.0000",NULL,NULL
"35","NANDA GLASS INDUSTRY","Certified","2020-09-01","2023-09-01","11","anupnanda@nandaglass.com","9810081137",NULL,NULL,"2023-05-25 13:46:23.0000",NULL,NULL
"36","INDIAN OIL CORPORATION LIMITED, GUWAHATI TERMINAL- BETKUCHI, ASSAM","Gold","2023-03-31","2026-03-30","59","dasdj@indianoil.in","8794729685",NULL,NULL,"2023-05-25 13:47:07.0000",NULL,NULL
"37","OERLIKON BALZERS COATING INDIA PVT. LTD","Silver","2020-09-01","2023-09-01","7","vijaykant.more@oerlikon.com","7798981323",NULL,NULL,"2023-05-25 13:47:44.0000",NULL,NULL
"38","ROBERTSHAW CONTROLS PVT LTD","Silver","2020-09-01","2023-09-01","11","jitendra.mangle@robertshaw.com","7219212960",NULL,NULL,"2023-05-25 13:48:49.0000",NULL,NULL
"39","INDIAN OIL CORPORATION LIMITED, ALLAHABAD OIL TERMINAL, U P","Gold","2023-03-31","2026-03-30","59","varun@decalorie.com","7014755821",NULL,NULL,"2023-05-25 13:49:01.0000",NULL,NULL
"40","ATHARVA CORRUGATIONS PVT LTD","Bronze","2020-10-01","2023-10-01","11","sanjaymache@rediffmail.com","9604426579",NULL,NULL,"2023-05-25 13:50:01.0000",NULL,NULL
"42","GENIUS POLYMER INDUSTRIES","Silver","2020-10-01","2023-10-01","7","gpolymerind2016@gmail.com","9370263310",NULL,NULL,"2023-05-25 13:51:00.0000",NULL,NULL
"43","INDIAN OIL CORPORATION LIMITED; PORT BLAIR AVIATION FUEL STATION","Silver","2023-03-31","2026-03-30","59","keerthi.dsouza@lgpsllp.com","9880287232",NULL,NULL,"2023-05-25 14:01:22.0000",NULL,NULL
"44","BURCKHARDT COMPRESSION INDIA PRIVATE LIMITED","Gold","2022-05-01","2025-05-01","11","Mangesh.Bhalerao@burckhardtcompression.com","9822430371",NULL,NULL,"2023-05-25 14:15:43.0000",NULL,NULL
"45","INDIAN OIL CORPORATION LIMITED, VADODARA LPG TERMINAL, DUMAD, GUJARAT","Silver","2023-03-31","2026-03-30","59","vimaleswarlal@yahoo.com","9442673005",NULL,NULL,"2023-05-25 14:16:11.0000",NULL,NULL
"46","BURCKHARDT COMPRESSION INDIA PRIVATE LIMITED","Gold","2022-05-01","2025-05-01","11","Mangesh.Bhalerao@burckhardtcompression.com","9822430371",NULL,NULL,"2023-05-25 14:16:51.0000",NULL,NULL
"47","INDIAN OIL CORPORATION LIMITED, LUCKNOW OIL TERMINAL","Gold","2023-03-31","2026-03-30","59","varun@decalorie.com","7014755821",NULL,NULL,"2023-05-25 14:17:10.0000",NULL,NULL
"48","HINDUSTAN PETROLEUM CORPORATION LIMITED, KOTA LPG BOTTLING PLANT","Gold","2023-04-03","2026-04-02","59","abhijeetpawar@hpcl.in","9769499137",NULL,NULL,"2023-05-25 14:18:19.0000",NULL,NULL
"49","CARRIAGE & WAGON WORKSHOP KALKA","Gold","2022-05-01","2025-05-01","30","varun@decalorie.com","7014755821",NULL,NULL,"2023-05-25 14:18:26.0000",NULL,NULL
"50","INDIAN OIL CORPORATION LTD - SIDHPUR OIL TERMINAL","Bronze","2022-05-01","2025-05-01","59","shrivastavat@indianoil.in","9265316975",NULL,NULL,"2023-05-25 14:19:25.0000",NULL,NULL
"51","INDIAN OIL CORPORATION LTD, AHMEDABAD TERNMINAL","Platinum","2022-05-01","2025-05-01","59","nawink@indianoil.in","9913192186",NULL,NULL,"2023-05-25 14:20:21.0000",NULL,NULL
"52","INDIAN OIL CORPORATION LTD - REWARI OIL TERMINAL","Silver","2022-05-01","2025-05-01","59","guptaa2@indianoil.in","8979272272",NULL,NULL,"2023-05-25 14:21:34.0000",NULL,NULL
"53","DIESEL LOCO & WAGON REPAIR WORKSHOP","Gold","2022-05-06","2025-05-05","30","varun@decalorie.com","7014755821",NULL,NULL,"2023-05-25 14:22:38.0000",NULL,NULL
"54","PATIALA LOCOMOTIVE WORKSHOP; PATIALA (PLW)","Gold","2023-04-08","2026-04-07","30","shailendra@incubeglobal.org","9983144773",NULL,NULL,"2023-05-25 14:22:38.0000",NULL,NULL
"55","ARAGEN LIFE SCIENCES PRIVATE LIMITED","Silver","2022-06-01","2025-06-01","26","amarnath.paluru@aragen.com","9121014080",NULL,NULL,"2023-05-25 14:23:33.0000",NULL,NULL
"56","INDIAN OIL CORPORATION LIMITED; SEKMAI BOTTLING PLANT","Silver","2023-03-30","2025-03-29","59","tcert.certification@gmail.com","9628166661",NULL,NULL,"2023-05-25 14:24:00.0000",NULL,NULL
"57","SVS REFCOMP PVT. LTD.","Silver","2020-10-01","2023-10-01","11","pravinvarade@svsindia.co.in","7410071504",NULL,NULL,"2023-05-25 14:24:20.0000",NULL,NULL
"58","INDIAN OIL CORPORATION LTD - BIJWASAN OIL TERMINAL","Bronze","2022-06-01","2025-06-01","59","GUPTAR6@INDIANOIL.IN","9971152080",NULL,NULL,"2023-05-25 14:24:24.0000",NULL,NULL
"59","CUMMINS GENERATOR TECHNOLOGIES INDIA PRIVATE LTD","Gold","2020-12-01","2023-12-01","11","kunal.palshikar@cummins.com","7447428066",NULL,NULL,"2023-05-25 14:25:14.0000",NULL,NULL
"60","INDIAN OIL CORPORATION LIMITED; INDANE BOTTLING PLANT, LUCKNOW","Platinum","2023-03-30","2026-03-29","59","tcert.certification@gmail.com","9628166661",NULL,NULL,"2023-05-25 14:25:20.0000",NULL,NULL
"61","INDIAN OIL CORPORATION LTD - JAIPUR LPG BOTTLING PLANT","Gold","2022-06-01","2025-06-01","59","rmeena@indianoil.in","9214016617",NULL,NULL,"2023-05-25 14:25:32.0000",NULL,NULL
"62","INDIAN OIL CORPORATION LTD - JAIPUR OIL TERMINAL","Gold","2022-06-01","2025-06-01","59","KHOKARRS@INDIANOIL.IN","8114498974",NULL,NULL,"2023-05-25 14:26:12.0000",NULL,NULL
"63","JK TYRE & INDUSTRIES LTD","Platinum","2022-06-01","2025-06-01","11","agaggar@jkmail.com","9799999955",NULL,NULL,"2023-05-25 14:26:55.0000",NULL,NULL
"64","DIESEL LOCO SHED","Gold","2020-12-01","2023-12-01","30","srdmedvta@gmail.com","9724093401",NULL,NULL,"2023-05-25 14:27:13.0000",NULL,NULL
"65","HINDUSTAN ZINC LTD - DARIBA SMELTER","Gold","2022-06-05","2025-06-04","21","vivek.kumar5@vedanta.co.in","9358848573",NULL,NULL,"2023-05-25 14:27:53.0000",NULL,NULL
"66","ELECTRIC LOCO SHED, KAZIPET","Silver","2020-12-01","2023-12-01","30","elskzj@gmail.com","9701371305",NULL,NULL,"2023-05-25 14:28:26.0000",NULL,NULL
"67","HINDUSTAN ZINC LTD - DEBARI SMELTER","Silver","2022-06-05","2025-06-04","21","digamnbar.patil@vedanta.co.in","9568001100",NULL,NULL,"2023-05-25 14:28:39.0000",NULL,NULL
"68","TATA METALIKS LTD","Gold","2022-06-24","2025-06-23","63","rahul.deb@tatametaliks.co.in","9073326253",NULL,NULL,"2023-05-25 14:29:25.0000",NULL,NULL
"69","MAS KNITS","Gold","2020-12-01","2023-12-01","49","sivasankar@exelsourcing.com","9843114001",NULL,NULL,"2023-05-25 14:29:28.0000",NULL,NULL
"70","DENSO TEN MINDA, BAWAL, HARYANA","Gold","2023-04-07","2026-04-06","11","shubham.singh@densotenminda.co.in","9792915306",NULL,NULL,"2023-05-25 14:29:34.0000",NULL,NULL
"71","APCOTEX INDUSTRIES LTD","Bronze","2022-07-01","2025-07-01","7","hnchaudhari@apcotex.com","9820384536",NULL,NULL,"2023-05-25 14:30:09.0000",NULL,NULL
"72","CUMMINS TURBO TECHNOLOGIES","Platinum","2022-07-11","2025-07-10","11","Neha.Pendse@cummins.com","7272422917",NULL,NULL,"2023-05-25 14:31:00.0000",NULL,NULL
"73","HINDUSTAN PETROLEUM CORPORATION LTD LONI TERMINAL","Silver","2023-04-07","2026-04-06","59","abhijeetpawar@hpcl.in","9769499137",NULL,NULL,"2023-05-25 14:31:26.0000",NULL,NULL
"74","CUMMINS TURBO TECHNOLOGIES","Platinum","2022-07-11","2025-07-10","11","mayank.geete@cummins.com","8805269800",NULL,NULL,"2023-05-25 14:31:44.0000",NULL,NULL
"75","HINDUSTAN ZINC LTD","Bronze","2020-12-22","2023-12-21","21","Aditya.Jalan@vedanta.co.in","8003093638",NULL,NULL,"2023-05-25 14:32:12.0000",NULL,NULL
"76","INDIAN OIL CORPORATION LIMITED; MYSORE BOTTLING PLANT","Platinum","2023-03-30","2026-03-29","59","milindk@worldenviro.com","9322285723",NULL,NULL,"2023-05-25 14:32:30.0000",NULL,NULL
"77","GORAKHPUR WORKSHOP","Gold","2022-07-15","2025-07-14","30","tcert.certification@gmail.com","9628166661",NULL,NULL,"2023-05-25 14:32:34.0000",NULL,NULL
"78","INDIAN OIL CORPORATION LTD - LPG BOTTLING PLANT","Gold","2022-08-01","2025-08-01","59","kumark10@indianoil.in","6901254021",NULL,NULL,"2023-05-25 14:33:21.0000",NULL,NULL
"79","INDIAN OIL CORPORATION LIMITED, OIL TERMINAL AND LABORATORY, AGRA, UP","Gold","2023-03-03","2026-03-02","59","ekologiksinfinite@gmal.com","8981219959",NULL,NULL,"2023-05-25 14:33:53.0000",NULL,NULL
"80","GVK BIOSCIENCES PVT LTD , UNIT 1","Silver","2021-01-01","2024-01-01","26","anand.pise@gvkbio.com","8790133877",NULL,NULL,"2023-05-25 14:34:13.0000",NULL,NULL
"82","GVK BIOSCIENCES PVT LTD, UNIT 2","Silver","2021-01-01","2024-01-01","26","anand.pise@gvkbio.com","8790133877",NULL,NULL,"2023-05-25 14:36:21.0000",NULL,NULL
"83","NORTHERN RAILWAY - ALAMBAGH WORKSHOP","Gold","2021-01-01","2024-01-01","30","cwm.amv@gmail.com","9760530401",NULL,NULL,"2023-05-25 14:37:26.0000",NULL,NULL
"84","WAGON REPAIR WORKSHOP","Gold","2021-01-01","2024-01-01","31","sseiso.wrskota@gmail.com","9001017497",NULL,NULL,"2023-05-25 14:39:08.0000",NULL,NULL
"85","GAIL (INDIA) LIMITED","Silver","2021-01-29","2024-01-28","25","rpateria@gail.co.in","9425309938",NULL,NULL,"2023-05-25 14:41:10.0000",NULL,NULL
"86","DYNATECH CONTROLS PVT LTD","Bronze","2021-02-01","2024-02-01","11","devendrakumar@dynatech.co.in","9897544520",NULL,NULL,"2023-05-25 14:42:16.0000",NULL,NULL
"87","MASTER CRAFT INDUSTRIES LTD","Silver","2021-02-01","2024-02-01","11","info@master-crafts.com","9872095554",NULL,NULL,"2023-05-25 14:45:31.0000",NULL,NULL
"88","SATYAM AUTO COMPONENTS LTD","Certified","2021-02-01","2024-02-01","11","subhash.kamboj@satyamauto.in","9855453246",NULL,NULL,"2023-05-25 14:46:29.0000",NULL,NULL
"89","SINGHAL SINTERED PVT LTD","Silver","2021-02-01","2024-02-01","11","gautam@ssppl.com","9811716774",NULL,NULL,"2023-05-25 14:47:27.0000",NULL,NULL
"90","HINDUSTAN PETROLEUM CORPORATION LIMITED - ANANTAPUR LPG PLANT","Platinum","2021-02-20","2024-02-19","25","Brahmaji.Ayyagari@hpcl.in","9666964509",NULL,NULL,"2023-05-25 14:49:06.0000",NULL,NULL
"91","RAILWAYS - RAYANAPADU WORKSHOP","Platinum","2021-02-26","2024-02-25","31","cwmryps@gmail.com","9701611600",NULL,NULL,"2023-05-25 14:50:17.0000",NULL,NULL
"92","LOCOMOTIVE WORKSHOP, NORTHERN RAILWAY , CHARBAGH","Gold","2021-03-01","2024-03-01","31","raj@greentree.global","9729530465",NULL,NULL,"2023-05-25 14:51:22.0000",NULL,NULL
"93","HINDUSTAN PETROLEUM CORPORATION LIMITED, PATNA NEW IRD","Gold","2021-03-25","2024-03-21","25","alokkch@hpcl.in","9769499137",NULL,NULL,"2023-05-25 14:52:16.0000",NULL,NULL
"94","HSIL","Gold","2021-04-19","2024-04-18","11","narendra.kumar@hindware.in","9024004502",NULL,NULL,"2023-05-25 14:53:19.0000",NULL,NULL
"95","ACE MANUFACTURING SYSTEMS LTD","Gold","2021-05-01","2024-05-01","11","ganeshs@amslindia.co.in","9845589892",NULL,NULL,"2023-05-25 14:56:02.0000",NULL,NULL
"96","NIPPON PAINT (INDIA) PVT LTD","Gold","2021-06-01","2024-06-01","53","arun@nipponpaint.co.in","9176550021",NULL,NULL,"2023-05-25 14:56:52.0000",NULL,NULL
"97","GAIL (INDIA) LIMITED","Silver","2021-06-03","2024-06-02","25","PINTU.JAIN@GAIL.CO.IN","8005829484",NULL,NULL,"2023-05-25 14:57:45.0000",NULL,NULL
"98","ASTRAL LIMITED (SILENCIO MANUFACTURING DIVISION)","Gold","2021-08-01","2024-08-01","11","harit.bhatt@astralpipes.com","6353534194",NULL,NULL,"2023-05-25 14:58:29.0000",NULL,NULL
"99","CARRIAGE AND WAGON WORKSHOP","Silver","2021-08-01","2024-08-01","31","imscellcwper@gmail.com","9500041685",NULL,NULL,"2023-05-25 15:02:31.0000",NULL,NULL
"100","LOCO WORKS","Bronze","2021-08-01","2024-08-01","31","arun.devraj@gov.in","9003060400",NULL,NULL,"2023-05-25 15:06:40.0000",NULL,NULL
"101","KHARAGPUR RAILWAY WORKSHOP, SOUTH EASTERN RAILWAY","Silver","2021-09-01","2024-09-01","31","dyceewskgp@gmail.com","9002081338",NULL,NULL,"2023-05-25 15:07:41.0000",NULL,NULL
"102","TATA STEEL DOWNSTREAM PRODUCTS LIMITED (TSDPL)","Platinum","2021-09-24","2024-09-23","63","tanmoy@tspdl.com","8888899420",NULL,NULL,"2023-05-25 15:09:36.0000",NULL,NULL
"103","NATURAL REMEDIES PVT LTD","Gold","2021-09-27","2024-09-26","26","sathish.k@naturalremedy.com","6379906622",NULL,NULL,"2023-05-25 15:10:47.0000",NULL,NULL
"104","INDIAN OIL CORPORATION LTD - BETKUCHI","Silver","2021-10-01","2024-10-01","59","subhradip@indianoil.in","9734044660",NULL,NULL,"2023-05-25 15:11:52.0000",NULL,NULL
"105","CARRIAGE WORKSHOP, NORTH WESTERN RAILWAY","Gold","2021-10-05","2024-10-04","31","varun@decalorie.com","7014755821",NULL,NULL,"2023-05-25 15:13:31.0000",NULL,NULL
"106","MOTIBAGH RAILWAY WORKSHOP","Bronze","2021-10-22","2024-10-21","31","dycme.mibw@gmail.com","9766372703",NULL,NULL,"2023-05-25 15:14:40.0000",NULL,NULL
"107","CARRIAGE WORKSHOP","Gold","2021-11-15","2024-11-14","31","deeshopsmyss@gmail.com","9731667451",NULL,NULL,"2023-05-25 15:15:59.0000",NULL,NULL
"108","RAIL WHEEL FACTORY, YELAHANKA","Gold","2021-11-26","2023-11-25","31","prakash_siddappa@yahoo.co.in","9108501312",NULL,NULL,"2023-05-25 15:19:45.0000",NULL,NULL
"109","ELECTRIC LOCO SHED, KAZIPET","Silver","2021-12-01","2024-12-01","31","elskzj@gmail.com","9701371305",NULL,NULL,"2023-05-25 15:21:06.0000",NULL,NULL
"110","INDIAN OIL CORPORATION LTD - JASIDH TERMINAL","Gold","2021-12-01","2024-12-01","59","lshrivastava@indianoil.in","8336084343",NULL,NULL,"2023-05-25 15:21:57.0000",NULL,NULL
"111","HONDA MOTORCYCLE AND SCOOTER INDIA PVTD LTD","Platinum","2020-03-01","2023-02-01","3","sriram.karikkat@honda2wheelersindia.com","8003298263",NULL,NULL,"2023-05-25 15:23:00.0000",NULL,NULL
"112","CARRIAGE WORKSHOP","Gold","2021-12-31","2024-12-30","31","tenderjuws@gmail.com","9001198328",NULL,NULL,"2023-05-25 15:23:50.0000",NULL,NULL
"113","GOLDEN ROCK CENTRAL WORKSHOP, PONMALAI – SOUTHERN RAILWAY","Platinum","2022-01-01","2024-12-31","31","ksnsrirangam@yahoo.co.in","7708522233",NULL,NULL,"2023-05-25 15:25:34.0000",NULL,NULL
"114","INDIAN OIL CORPORATION LTD, INDANE BOTTLING PLANT","Silver","2022-01-01","2025-01-01","59","SANJIVK@INDIANOIL.IN","8004912864",NULL,NULL,"2023-05-25 15:26:30.0000",NULL,NULL
"115","GAIL GANDHAR GAS PROCESSING STATION","Silver","2022-01-06","2025-01-05","25","nikunjb@gail.co.in","9662038592",NULL,NULL,"2023-05-25 15:27:44.0000",NULL,NULL
"116","DIESEL LOCO SHED","Silver","2022-01-13","2025-01-12","31","nagasayana24@gmail.com","9701373401",NULL,NULL,"2023-05-25 15:29:17.0000",NULL,NULL
"117","GODREJ INDUSTRIES LIMITED","Platinum","2022-01-18","2025-01-17","7","rajesh.agrawal@godrejinds.com","9909995727",NULL,NULL,"2023-05-25 15:30:15.0000",NULL,NULL
"118","HERO CENTRE FOR INNOVATION & TECHNOLOGY","Platinum","2022-01-18","2025-01-17","60","harsh1.sharma@heromotocorp.com","9227602493",NULL,NULL,"2023-05-25 15:31:14.0000",NULL,NULL
"119","CLEAN SCIENCE TECHNOLOGIES","Silver","2022-01-31","2025-01-30","26","purchaseunit2@cleanscience.co.in","7888099828",NULL,NULL,"2023-05-25 15:32:31.0000",NULL,NULL
"120","ACE DESIGNERS LIMITED","Bronze","2022-02-01","2025-02-01","11","giridhar@acedesigners.co.in","9606078220",NULL,NULL,"2023-05-25 15:33:52.0000",NULL,NULL
"121","INDIAN OIL CORPORATION LTD, AMBABAI DEPOT","Gold","2022-02-01","2025-02-01","59","agrawalp1@indianoil.in","9109915593",NULL,NULL,"2023-05-25 15:34:49.0000",NULL,NULL
"122","INDIAN OIL CORPORATION LTD, INDANE BOTTLING PLANT","Silver","2022-02-01","2025-02-01","59","axalxo@indianoil.in","9471190265",NULL,NULL,"2023-05-25 15:35:40.0000",NULL,NULL
"123","INDIAN OIL CORPORATION LTD - KARNAL LPG BP","Gold","2022-02-01","2025-02-01","59","guptashyamlal@indianoil.in","8901000789",NULL,NULL,"2023-05-25 15:36:31.0000",NULL,NULL
"124","INDIAN OIL CORPORATION LTD - MEENAMBAKKAM AFS","Silver","2022-02-01","2025-02-01","59","KUMARPRAVEEN2@INDIANOIL.IN","7826897941",NULL,NULL,"2023-05-25 15:37:16.0000",NULL,NULL
"125","INDIAN OIL CORPORATION LTD - TIKRI KALAN LPG BP","Bronze","2022-02-01","2025-02-01","59","ntundup@indianoil.in","9910805962",NULL,NULL,"2023-05-25 15:38:05.0000",NULL,NULL
"126","RIALTO ENTERPRISES PVT LTD","Platinum","2022-02-15","2025-02-14","13","arunkumar.j.1@pg.com","9940497325",NULL,NULL,"2023-05-25 15:39:11.0000",NULL,NULL
"127","GAIL (INDIA) LIMITED, VIZAG - SECUNDERABAD LPG PIPELINE (VSPL)","Silver","2022-02-17","2025-02-16","25","s.patta@gail.co.in","9490760725",NULL,NULL,"2023-05-25 15:40:14.0000",NULL,NULL
"128","CARRIAGE REPAIR WORKSHOP, TIRUPATI","Gold","2022-03-01","2025-03-01","31","tcert.certification@gmail.com","9628166661",NULL,NULL,"2023-05-25 15:41:07.0000",NULL,NULL
"129","INDIAN RAILWAYS, ROH DEPOT","Silver","2022-03-01","2025-03-01","31","varun@decalorie.com","7014755821",NULL,NULL,"2023-05-25 15:44:08.0000",NULL,NULL
"130","INDIAN OIL CORPORATION LTD - COCHIN LPG BP","Gold","2022-03-01","2025-03-01","59","remyanair@indianoil.in","9995032978",NULL,NULL,"2023-05-25 15:45:06.0000",NULL,NULL
"131","INDIAN OIL CORPORATION LTD - CHENGALPATTU BP","Gold","2022-03-01","2025-03-01","59","girish@earthonomic.com","9941226780",NULL,NULL,"2023-05-25 15:47:04.0000",NULL,NULL
"132","INDIAN OIL CORPORATION LTD - AFS","Bronze","2022-03-01","2025-03-01","59","jpsinha@indianoil.in","7703005530",NULL,NULL,"2023-05-25 15:49:15.0000",NULL,NULL
"133","INDIAN OIL CORPORATION LTD - AFS","Bronze","2022-03-01","2025-03-01","59","guptac1@indianoil.in","8094488596",NULL,NULL,"2023-05-25 15:50:28.0000",NULL,NULL
"134","INDIAN OIL CORPORATION LTD - AFS","Certified","2022-03-01","2025-03-01","59","guriasushil@indianoil.in","9435192431",NULL,NULL,"2023-05-25 15:51:47.0000",NULL,NULL
"135","INDIAN OIL CORPORATION LTD - CHERLAPALLY BP","Platinum","2022-03-01","2025-03-01","59","kumarkj@indianoil.in","8547861672",NULL,NULL,"2023-05-25 15:52:32.0000",NULL,NULL
"136","INDIAN OIL CORPORATION LTD - DEVANGUNTHI BOTTLING PLANT","Gold","2022-03-01","2025-03-01","59","architectsstudio109@gmail.com","9773571840",NULL,NULL,"2023-05-25 15:54:28.0000",NULL,NULL
"137","INDIAN OIL CORPORATION LTD - ITARSI DEPOT","Gold","2022-03-01","2025-03-01","59","kolhem@indianoil.in","9575302482",NULL,NULL,"2023-05-25 15:55:16.0000",NULL,NULL
"138","INDIAN OIL CORPORATION LTD - JABALPUR OIL DEPOOT","Silver","2022-03-01","2025-03-01","59","kolhem@indianoil.in","9575302482",NULL,NULL,"2023-05-25 16:01:21.0000",NULL,NULL
"139","INDIAN OIL CORPORATION LTD - MADANPUR KHADAR LPG BP","Gold","2022-03-01","2025-03-01","59","dastushar@indianoil.in","9711770215",NULL,NULL,"2023-05-25 16:02:28.0000",NULL,NULL
"140","INDIAN OIL CORPORATION LTD - MADURAI OT","Gold","2022-03-01","2025-03-01","59","subrahmanyamt@indianoil.in","8113015896",NULL,NULL,"2023-05-25 16:03:14.0000",NULL,NULL
"141","INDIAN OIL CORPORATION LTD -PANIPAT MARKETING COMPLEXT","Gold","2022-03-01","2025-03-01","59","uttamks@indianoil.in","7080271790",NULL,NULL,"2023-05-25 16:04:32.0000",NULL,NULL
"142","INDIAN OIL CORPORATION LIMITED, LPG IMPORT TERMINAL, KANDLA, GUJARAT","Silver","2023-04-09","2026-04-08","59","vimaleswarlal@yahoo.com","9442673005",NULL,NULL,"2023-05-25 16:05:26.0000",NULL,NULL
"143","INDIAN OIL CORPORATION LTD - SALEM BP","Platinum","2022-03-01","2025-03-01","59","girish@earthonomic.com","9941226780",NULL,NULL,"2023-05-25 16:06:10.0000",NULL,NULL
"144","INDIAN OIL CORPORATION LTD, PATNA OIL TERMINAL","Gold","2023-04-11","2026-04-10","59","ekologiksinfinite@gmail.com","8981219959",NULL,NULL,"2023-05-25 16:08:06.0000",NULL,NULL
"145","INDIAN OIL CORPORATION LTD - SANAND LPG BP","Silver","2022-03-01","2025-03-01","59","murathias@indianoil.in","9407302513",NULL,NULL,"2023-05-25 16:09:24.0000",NULL,NULL
"146","INDIAN OIL CORPORATION LTD, INDANE BOTTLING PLANT-BALASORE, ODISHA","Bronze","2023-04-11","2026-04-10","59","ekologiksinfinite@gmail.com","8981219959",NULL,NULL,"2023-05-25 16:10:39.0000",NULL,NULL
"147","INDIAN OIL CORPORATION LTD - SANGRUR OIL TERMINAL","Gold","2022-03-01","2025-03-01","59","lalitv@indianoil.in","8559012461",NULL,NULL,"2023-05-25 16:10:42.0000",NULL,NULL
"148","INDIAN OIL CORPORATION LTD - TIKRI KALAN OT","Gold","2022-03-01","2025-03-01","59","rishbhatia@indianoil.in","9005555692",NULL,NULL,"2023-05-25 16:11:53.0000",NULL,NULL
"149","INDIAN OIL CORPORATION LTD - UJJAIN LPG BP","Bronze","2022-03-01","2025-03-01","59","kpatel@indianoil.in","7089492279",NULL,NULL,"2023-05-25 16:12:44.0000",NULL,NULL
"150","WAGON REPAIR WORKSHOP","Gold","2022-03-01","2025-02-28","31","sseiso2017@gmail.com","9752440475",NULL,NULL,"2023-05-25 16:13:35.0000",NULL,NULL
"151","INDIAN OIL CORPORATION LIMITED, BALASORE DEPOT, ODISHA","Bronze","2023-04-11","2026-04-10","59","office@tirkha.in","9680763588",NULL,NULL,"2023-05-25 16:13:59.0000",NULL,NULL
"152","GAIL, PATA PETROCHEMICAL COMPLEX","Gold","2022-03-17","2025-03-16","25","rsprasad@gail.co.in","9560603173",NULL,NULL,"2023-05-25 16:15:24.0000",NULL,NULL
"153","INDIAN OIL CORPORATION LIMITED; THIMMAPUR BOTTLING PLANT","Silver","2023-03-30","2026-03-29","59","office@tirkha.in","9680763588",NULL,NULL,"2023-05-25 16:15:54.0000",NULL,NULL
"154","CARRIAGE & WAGON WORKSHOP","Platinum","2022-04-01","2025-04-01","31","electchgjudw@gmail.com","9729530465",NULL,NULL,"2023-05-25 16:17:31.0000",NULL,NULL
"155","INDIAN OIL CORPORATION LTD, DURGAPUR - LPG BOTTLING PLANT","Silver","2022-04-01","2025-04-01","59","KOUSHIKSAHA@INDIANOIL.IN","9800658664",NULL,NULL,"2023-05-25 16:18:19.0000",NULL,NULL
"156","INDIAN OIL CORPORATION LIMITED; JHARSUGUDA SMART TERMINAL","Gold","2023-04-11","2026-04-10","59","mohapatrasarat@indianoil.in","9437564904",NULL,NULL,"2023-05-25 16:18:20.0000",NULL,NULL
"157","INDIAN OIL CORPORATION LTD - ALLAHABAD LPG BP","Silver","2022-04-01","2025-04-01","59","bishwasj@indianoil.in","8435959597",NULL,NULL,"2023-05-25 16:19:18.0000",NULL,NULL
"158","INDIAN OIL CORPORATION LTD - DHANAJ LPG BP","Bronze","2022-04-01","2025-04-01","59","sablep@indianoil.in","8289834653",NULL,NULL,"2023-05-25 16:20:05.0000",NULL,NULL
"159","INDIAN OIL CORPORATION LTD - GWALIOR DEPOT","Gold","2022-04-01","2025-04-01","59","krishnamsinghchauhan@indianoil.in","9838322227",NULL,NULL,"2023-05-25 16:21:10.0000",NULL,NULL
"160","INDIAN OIL CORPORATION LTD - JHARSUGUDA BP","Silver","2022-04-01","2025-04-01","59","aktripathy@indianoil.in","7506448634",NULL,NULL,"2023-05-25 16:22:18.0000",NULL,NULL
"161","INDIAN OIL CORPORATION LTD - KORBA TERMINAL","Silver","2023-04-01","2025-04-01","59","kolhem@indianoil.in","9575302482",NULL,NULL,"2023-05-25 16:24:16.0000",NULL,NULL
"162","INDIAN OIL CORPORATION LTD - KOZHIKODE DEPOT","Silver","2022-04-01","2025-04-01","59","aswindas@indianoil.in","9061062444",NULL,NULL,"2023-05-25 16:25:22.0000",NULL,NULL
"163","INDIAN OIL CORPORATION LTD - LAKHIMPUR KHERI","Silver","2022-04-01","2025-04-01","59","rahulks@indianoil.in","8135847675",NULL,NULL,"2023-05-25 16:26:52.0000",NULL,NULL
"164","INDIAN OIL CORPORATION LTD - PUNE OIL TERMINAL","Bronze","2022-04-01","2025-04-01","59","khetyq@indianoil.in","9851008483",NULL,NULL,"2023-05-25 16:27:36.0000",NULL,NULL
"165","INDIAN OIL CORPORATION LTD - RAJKOT BP","Bronze","2022-04-06","2025-04-03","59","marapakab@indianoil.in","9426416090",NULL,NULL,"2023-05-25 16:28:25.0000",NULL,NULL
"166","CARRIAGE WORKSHOP","Silver","2022-04-19","2025-04-18","31","dyceeemumtncrly@gmail.com","8828110330",NULL,NULL,"2023-05-25 16:29:06.0000",NULL,NULL
"167","INDIAN OIL CORPORATION LIMITED; COIMBATORE BP","Silver","2023-04-14","2026-04-13","59","girish@earthonomic.com","9941226780",NULL,NULL,"2023-05-25 16:30:48.0000",NULL,NULL
"168","HINDUSTAN PETROLEUM CORPORATION LIMITED AURANGABAD BP","Bronze","2023-04-14","2026-04-13","59","abhijeetpawar@hpcl.in","9769499137",NULL,NULL,"2023-05-25 16:32:11.0000",NULL,NULL
"169","BONTON TECHNOMAKE (P) LTD, INDORE","Silver","2023-04-14","2026-04-13","11","ysshelke@bontonfurniture.net","8269522502",NULL,NULL,"2023-05-25 16:32:57.0000",NULL,NULL
"170","JK CEMENT WORKS, MUDDAPUR","Platinum","2022-08-01","2025-08-01","6","Rajakumaran.Kandasamy@jkcement.com","9686500131",NULL,NULL,"2023-05-25 16:33:24.0000",NULL,NULL
"171","JAMIPOL LTD","Silver","2022-08-01","2025-08-01","7","priyank@livolt.net","8981219959",NULL,NULL,"2023-05-25 16:34:43.0000",NULL,NULL
"172","INDIAN OIL CORPORATION LIMITED, KANPUR OIL TERMINAL, U.P","Gold","2023-03-31","2026-03-30","59","varun@decalorie.com","7014755821",NULL,NULL,"2023-05-25 16:35:07.0000",NULL,NULL
"173","CARRIAGE REPAIR WORKSHOP, SOUTHWESTERN RAILWAY","Silver","2022-08-01","2025-08-01","31","tcert.certification@gmail.com","9628166661",NULL,NULL,"2023-05-25 16:35:53.0000",NULL,NULL
"174","INDIAN OIL CORPORATION LIMITED; RATLAM OIL TERMINAL","Gold","2023-03-18","2026-03-17","59","keerthi.dsouza@lgpsllp.com","9880287232",NULL,NULL,"2023-05-25 16:36:06.0000",NULL,NULL
"175","AXIS WIND FARM PRIVATE LIMITED","Gold","2022-08-01","2025-08-01","32","ismail.s@greenkogroup.com","9959552348",NULL,NULL,"2023-05-25 16:37:40.0000",NULL,NULL
"176","INDIAN OIL CORPORATION LIMITED; INDANE BOTTLING PLANT, PUDUCHERRY","Bronze","2023-04-14","2026-04-13","59","girish@earthonomic.com","9941226780",NULL,NULL,"2023-05-25 16:38:21.0000",NULL,NULL
"177","VYSHALI ENERGY PVT LTD","Silver","2022-08-01","2025-08-01","32","ismail.s@greenkogroup.com","9959552348",NULL,NULL,"2023-05-25 16:38:26.0000",NULL,NULL
"178","KUMUDA CREATIVE ENGINEERS PVT LTD","Certified","2022-08-01","2025-08-01","11","kkoneru_creative@yahoo.com","9866295008",NULL,NULL,"2023-05-25 16:39:40.0000",NULL,NULL
"179","MIRACLE COROPLAST PVT LTD","Bronze","2022-08-01","2025-08-01","11","MUNISH@MIRACLEGROUP.CO.IN","8875002007",NULL,NULL,"2023-05-25 16:41:23.0000",NULL,NULL
"180","INDIAN OIL CORPORATION LIMITED, KHUNTI OIL TERMINAL AND LABORATORY, JHARKHAND","Silver","2023-04-24","2026-04-23","59","cwm.amv@gmail.com","9760530401",NULL,NULL,"2023-05-25 16:42:09.0000",NULL,NULL
"181","JAYEN ELECTROLINKS PVT LTD","Silver","2022-08-01","2025-08-01","11","jayenelectrolinks@gmail.com","9958063336",NULL,NULL,"2023-05-25 16:42:14.0000",NULL,NULL
"182","NILKAMAL LIMITED, PUDUCHERRY","Gold","2023-04-25","2026-04-24","11","mrr.pon@nilkamal.com","9952968821",NULL,NULL,"2023-05-25 16:43:05.0000",NULL,NULL
"183","TANOT WIND POWER VENTURES PVT LTD","Silver","2022-08-01","2025-08-01","32","ismail.s@greenkogroup.com","9959552348",NULL,NULL,"2023-05-25 16:43:54.0000",NULL,NULL
"184","ANIMALA WIND POWER PVT LTD","Gold","2022-08-03","2025-08-02","32","ismail.s@greenkogroup.com","9959552348",NULL,NULL,"2023-05-25 16:44:53.0000",NULL,NULL
"185","HINDUSTAN ZINC LIMITED  (HZL), CHANDERIYA LEAD ZINC SMELTER","Gold","2022-08-09","2025-08-08","21","manisha.bhati@vedanta.co.in","9116134090",NULL,NULL,"2023-05-25 16:45:51.0000",NULL,NULL
"186","COACH REHABILITATION WORKSHOP, NISHATPURA","Gold","2022-09-01","2025-09-01","30","crwsbpl@gmail.com","9752416168",NULL,NULL,"2023-05-25 16:46:56.0000",NULL,NULL
"187","ITC PSPD","Platinum+","2022-09-01","2025-09-01","29","Rajkumar.E@itc.in","9944949984",NULL,NULL,"2023-05-25 16:47:52.0000",NULL,NULL
"188","RRD TEX PRIVATE LIMITED","Gold","2022-09-02","2025-09-01","34","gmrrd@bestmills.in","9367788477",NULL,NULL,"2023-05-25 16:49:33.0000",NULL,NULL
"189","INDIAN OIL CORPORATION LIMITED, OIL TERMINAL","Gold","2022-09-03","2025-09-02","59","abhisingh@indianoil.in","9099913994",NULL,NULL,"2023-05-25 16:50:33.0000",NULL,NULL
"190","ZUVAN ENERGY PVT LTD","Gold","2022-09-05","2025-09-04","32","ismail.s@greenkogroup.com","9959552348",NULL,NULL,"2023-05-25 16:51:31.0000",NULL,NULL
"191","BEST COLOUR SOLUTIONS INDIA PVT. LTD","Silver","2022-09-05","2025-09-04","34","csr@iwma.in","7708777393",NULL,NULL,"2023-05-25 16:52:37.0000",NULL,NULL
"192","SEI ADITI POWER PRIVATE LIMITED","Silver","2022-09-05","2025-09-04","32","ismail.s@greenkogroup.com","9959552348",NULL,NULL,"2023-05-25 16:53:35.0000",NULL,NULL
"193","ULTRATECH CEMENT LIMITED - ADITYA CEMENT WORKS","Gold","2022-09-07","2025-09-06","6","anil.bijoliya@adityabirla.com","9844890055",NULL,NULL,"2023-05-25 16:54:37.0000",NULL,NULL
"194","INDIAN OIL CORPORATION LIMITED, CHITTOOR SMART TERMINAL AND LABORATORY","Silver","2023-03-01","2026-02-28","59","vimaleswarlal@yahoo.com","9442673005",NULL,NULL,"2023-05-25 16:55:18.0000",NULL,NULL
"195","J K CEMENT WORKS","Gold","2022-09-07","2025-09-06","6","Anil.Jain@jkcement.com","9530407218",NULL,NULL,"2023-05-25 16:55:29.0000",NULL,NULL
"196","INDIAN OIL CORPORATION LIMITED, HYDERABAD SMART TERMINAL AND LABORATORY","Silver","2023-03-08","2026-03-07","59","vimaleswarlal@yahoo.com","9442673005",NULL,NULL,"2023-05-25 16:56:11.0000",NULL,NULL
"197","HZL RAMPURA AGUCHA MINES, BHILWARA","Silver","2023-03-11","2026-03-10","20","Paridhi.Kumawat@vedanta.co.in","8003097402",NULL,NULL,"2023-05-25 16:57:08.0000",NULL,NULL
"198","COACH CARE COMPLEX; DR. AMBEDKAR NAGAR","Silver","2022-09-08","2025-09-07","30","varun@decalorie.com","7014755821",NULL,NULL,"2023-05-25 16:57:31.0000",NULL,NULL
"199","HZL ZAWAR MINES, UDAIPUR","Silver","2023-03-13","2026-03-12","20","Swati.Mishra@vedanta.co.in","8306789376",NULL,NULL,"2023-05-25 16:58:09.0000",NULL,NULL
"200","INDIAN OIL CORPORATION LIMITED, VIJAYAWADA SMART TERMINAL AND LABORATORY; ANDHRA PRADESH","Silver","2023-03-13","2026-03-12","59","vimaleswarlal@yahoo.com","9442673005",NULL,NULL,"2023-05-25 16:59:05.0000",NULL,NULL
"201","COACH CARE DEPOT, INDORE","Silver","2022-09-08","2025-09-07","31","varun@decalorie.com","7014755821",NULL,NULL,"2023-05-25 16:59:12.0000",NULL,NULL
"202","AMR POWER PVT. LTD","Silver","2022-09-10","2025-09-09","32","ismail.s@greenkogroup.com","9959552348",NULL,NULL,"2023-05-25 17:00:43.0000",NULL,NULL
"203","TATA STEEL DOWNSTREAM PRODUCTS LIMITED, CHENNAI","Silver","2023-03-14","2026-03-13","63","logeshwaran.murugesan@tsdpl.in","8220545563",NULL,NULL,"2023-05-25 17:00:45.0000",NULL,NULL
"204","GREENKO BUDHIL HYDRO POWER PVT LTD","Silver","2022-09-10","2025-09-09","32","ismail.s@greenkogroup.com","9959552348",NULL,NULL,"2023-05-25 17:01:40.0000",NULL,NULL
"205","HINDUSTAN PETROLEUM CORPORATION LTD, IRD, LUCKNOW; UTTAR PRADESH","Gold","2023-03-15","2026-03-14","25","abhijeetpawar@hpcl.in","9769499137",NULL,NULL,"2023-05-25 17:02:10.0000",NULL,NULL
"206","SNEHA KINETIC POWER PROJECTS PVT LTD","Silver","2022-09-10","2025-09-09","32","ismail.s@greenkogroup.com","9959552348",NULL,NULL,"2023-05-25 17:02:52.0000",NULL,NULL
"207","INDIAN OIL CORPORATION LIMITED; MADURAI AVIATION FUEL STATION","Silver","2023-03-16","2026-03-15","59","vimaleswarlal@yahoo.com","9442673005",NULL,NULL,"2023-05-25 17:03:34.0000",NULL,NULL
"208","KESORAM INDUSTRIES LTD [CEMENT DIVISION], UNIT: VASAVADATTA CEMENT","Platinum","2022-09-10","2025-09-09","6","uday.mugali@kesoram.net","9449876675",NULL,NULL,"2023-05-25 17:03:42.0000",NULL,NULL
"209","INDIAN OIL CORPORATION LIMITED, JAYANT DEPOT, SINGRAULI, MP","Silver","2023-03-19","2026-03-18","59","keerthi.dsouza@lgpsllp.com","9880287232",NULL,NULL,"2023-05-25 17:04:29.0000",NULL,NULL
"210","SEI PHOEBUS PVT LTD","Silver","2022-09-10","2025-09-09","32","ismail.s@greenkogroup.com","9959552348",NULL,NULL,"2023-05-25 17:04:29.0000",NULL,NULL
"211","GREENKO SUVAAN ENERGY PRIVATE LIMITED","Silver","2022-09-10","2025-09-09","32","ismail.s@greenkogroup.com","9959552348",NULL,NULL,"2023-05-25 17:05:44.0000",NULL,NULL
"212","INDIAN OIL CORPORATION LTD - LPG BOTTLING PLANT","Silver","2022-09-20","2025-09-19","59","bargujars@indianoil.in","8318661669",NULL,NULL,"2023-05-25 17:06:36.0000",NULL,NULL
"213","INDIAN OIL CORPORATION LIMITED, AVIATION FUEL STATION- ARAKKONAM, TAMIL NADU","Silver","2023-03-19","2026-03-18","59","vimaleswarlal@yahoo.com","9442673005",NULL,NULL,"2023-05-25 17:07:21.0000",NULL,NULL
"214","OHT FASTCOMP PRIVATE LIMITED","Certified","2022-09-23","2025-09-22","11","ajay.s@fastcomp.in","7977295997",NULL,NULL,"2023-05-25 17:07:28.0000",NULL,NULL
"215","INDIAN OIL CORPORATION LTD, INDANE BOTTLING PLANT","Bronze","2022-10-10","2025-10-10","59","girish@earthonomic.com","9941226780",NULL,NULL,"2023-05-25 17:09:07.0000",NULL,NULL
"216","INDIAN OIL CORPORATION LTD, HOWRAH OIL TERMINAL & EASTERN REGIONAL LABORATORY","Gold","2022-10-12","2025-10-11","59","avijitd@INDIANOIL.IN","9800919391",NULL,NULL,"2023-05-25 17:09:58.0000",NULL,NULL
"217","MECHANICAL WORKSHOP, IZZATNAGAR; NORTH EASTERN RAILWAY","Silver","2022-11-09","2025-11-08","31","tcert.certification@gmail.com","9628166661",NULL,NULL,"2023-05-25 17:11:07.0000",NULL,NULL
"218","INDIAN OIL CORPORATION LTD, INDANE BOTTLING PLANT","Silver","2022-11-09","2025-11-08","59","girish@earthonomic.com","9941226780",NULL,NULL,"2023-05-25 17:12:31.0000",NULL,NULL
"219","INDIAN OIL CORPORATION LTD, INDANE BOTTLING PLANT","Gold","2022-12-02","2025-12-01","59","girish@earthonomic.com","9941226780",NULL,NULL,"2023-05-25 17:13:35.0000",NULL,NULL
"220","INDIAN OIL CORPORATION LTD, HALDWANI DEPOT","Silver","2022-12-03","2025-12-02","59","hemant@hkgandco.com","9680763588",NULL,NULL,"2023-05-25 17:14:40.0000",NULL,NULL
"221","ELECTRIC LOCO SHED","Gold","2022-12-14","2025-12-13","31","erodeloco@gmail.com","9003956346",NULL,NULL,"2023-05-25 17:15:40.0000",NULL,NULL
"222","INDIAN OIL CORPORATION LIMITED, AVIATION FUEL STATION- ARAKKONAM, TAMIL NADU","Silver","2023-03-19","2024-03-18","59","vimaleswarlal@yahoo.com","9442673005",NULL,NULL,"2023-05-25 17:16:29.0000",NULL,NULL
"223","CARRIAGE & WAGON WORKSHOP","Gold","2022-12-14","2025-12-13","31","priyank50@gmail.com","8981219959",NULL,NULL,"2023-05-25 17:16:43.0000",NULL,NULL
"224","GHATGE PATIL INDUSTRIES LTD","Silver","2022-12-17","2025-12-16","11","santosh.desai@gpi.co.in","9028798931",NULL,NULL,"2023-05-25 17:17:34.0000",NULL,NULL
"225","INDIAN OIL CORPORATION LIMITED - OIL TERMINAL; COCHIN; KERALA","Gold","2023-03-18","2026-03-17","59","hemant@hkgandco.com","9680763588",NULL,NULL,"2023-05-25 17:17:38.0000",NULL,NULL
"226","INDIAN OIL CORPORATION LIMITED, LPG BOTTLING PLANT; QUILON; KERALA","Gold","2023-03-18","2026-03-17","59","hemant@hkgandco.com","9680763588",NULL,NULL,"2023-05-25 17:18:41.0000",NULL,NULL
"227","GHATGE PATIL INDUSTRIES LTD","Gold","2022-12-17","2025-12-16","11","santosh.desai@gpi.co.in","9028798931",NULL,NULL,"2023-05-25 17:18:50.0000",NULL,NULL
"228","GHATGE PATIL INDUSTRIES LTD","Silver","2022-12-17","2025-12-16","11","santosh.desai@gpi.co.in","9028798931",NULL,NULL,"2023-05-25 17:19:53.0000",NULL,NULL
"229","ADITEK INDUSTRIES LTD","Bronze","2022-12-17","2025-12-16","11","santosh.desai@gpi.co.in","9028798931",NULL,NULL,"2023-05-25 17:20:36.0000",NULL,NULL
"230","LAKSHMI MACHINE WORKS LTD., UNIT 1 & 2, FOUNDRY DIVISION","Platinum","2022-12-22","2025-12-21","11","krishnamoorthy.s@lmw.co.in","8144921313",NULL,NULL,"2023-05-25 17:21:24.0000",NULL,NULL
"231","INDIAN OIL CORPORATION LIMITED, OIL TERMINAL","Gold","2022-12-23","2025-12-22","59","rahulk@indianoil.in","9981997741",NULL,NULL,"2023-05-25 17:22:12.0000",NULL,NULL
"232","INDIAN OIL CORPORATION LIMITED, OIL TERMINAL","Gold","2023-01-05","2026-01-05","59","varun@decalorie.com","7014755821",NULL,NULL,"2023-05-25 17:23:34.0000",NULL,NULL
"233","INDIAN OIL CORPORATION LTD, MALOM DEPOT","Gold","2022-12-27","2025-12-26","59","pegua@indianoil.in","7399728114",NULL,NULL,"2023-05-25 17:24:30.0000",NULL,NULL
"234","INDIAN OIL CORPORATION LIMITED, LPG BOTTLING PLANT; QUILON; KERALA","Gold","2023-03-18","2026-03-17","59","hemant@hkgandco.com","9680763588",NULL,NULL,"2023-05-25 17:24:37.0000",NULL,NULL
"235","INDIAN OIL CORPORATION LIMITED, LPG BOTTLING PLANT; ETAWAH; UTTAR PRADESH","Gold","2023-03-18","2026-03-17","59","keerthi.dsouza@lgpsllp.com","9880287232",NULL,NULL,"2023-05-25 17:25:26.0000",NULL,NULL
"236","RAJENDRA NAGAR COACH CARE COMPLEX DANAPUR DIVISION, EAST CENTRAL RAILWAY","Gold","2023-01-25","2026-01-24","31","varun@decalorie.com","7014755821",NULL,NULL,"2023-05-25 17:25:48.0000",NULL,NULL
"237","INDIAN OIL CORPORATION LTD, LPG BOTTLING PLANT-CALICUT","Gold","2023-03-18","2026-03-17","59","priyank50@gmail.com","8981219959",NULL,NULL,"2023-05-25 17:26:16.0000",NULL,NULL
"238","CARRIAGE REPAIR WORKSHOP; BHAVNAGAR, WESTERN RAILWAY","Gold","2023-01-27","2026-01-26","30","cwmbvp@gmail.com","9724097410",NULL,NULL,"2023-05-25 17:26:36.0000",NULL,NULL
"239","HONDA MOTORCYCLES AND SCOOTERS INDIA PVT LTD, VITHALAPUR","Platinum+","2023-03-20","2026-03-19","3","sachin.pandey@honda2wheelersindia.com","7069150005",NULL,NULL,"2023-05-25 17:27:16.0000",NULL,NULL
"240","INDIAN OIL CORPORATION LTD, LPG BOTTLING PLANT- HAZIRA","Gold","2023-01-30","2026-01-29","59","varun@decalorie.com","7014755821",NULL,NULL,"2023-05-25 17:27:20.0000",NULL,NULL
"241","INDIAN OIL CORPORATION LTD, LPG BOTTLING PLANT- GANDHAR","Silver","2023-01-31","2026-01-30","59","rhaldar@indianoil.in","8330921860",NULL,NULL,"2023-05-25 17:28:09.0000",NULL,NULL
"242","INDIAN OIL CORPORATION LIMITED, KANDLA FORESHORE TERMINAL- KANDLA, GUJARAT","Gold","2023-03-21","2026-03-20","59","arupd@indianoil.in","8275020626",NULL,NULL,"2023-05-25 17:28:25.0000",NULL,NULL
"243","INDIAN OIL CORPORATION LIMITED JODHPUR OIL TERMINAL, JODHPUR","Silver","2023-02-06","2026-02-05","59","VYASN@INDIANOIL.IN","7027793470",NULL,NULL,"2023-05-25 17:50:21.0000",NULL,NULL
"244","INDIAN OIL CORPORATION LIMITED, KANDLA FORESHORE TERMINAL- KANDLA, GUJARAT","Gold","2023-03-21","2026-03-20","59","arupd@indianoil.in","8275020626",NULL,NULL,"2023-05-25 17:51:12.0000",NULL,NULL
"245","INDIAN OIL CORPORATION LIMITED BUSINESS GROUP (CRYOGENICS), NASHIK","Silver","2023-03-21","2026-03-20","59","sandeepkm@indianoil.in","8650501333",NULL,NULL,"2023-05-25 17:51:59.0000",NULL,NULL
"246","INDIAN OIL CORPORATION LIMITED, LPG BOTTLING PLANT; BHAVNAGAR; GUJARAT","Gold","2023-02-06","2026-02-05","59","vimaleswarlal@yahoo.com","9442673005",NULL,NULL,"2023-05-25 17:52:03.0000",NULL,NULL
"247","INDIAN OIL CORPORATION LIMITED, KANDLA MAIN TERMINAL, GUJARAT","Silver","2023-03-25","2026-03-24","59","pandeyv@indianoil.in","7985511386",NULL,NULL,"2023-05-25 17:52:42.0000",NULL,NULL
"248","N F RAILWAY MECHANICAL WORKSHOP, DIBRUGARH","Certified","2023-02-07","2026-02-06","30","priyank50@gmail.com","8981219959",NULL,NULL,"2023-05-25 17:53:04.0000",NULL,NULL
"249","EASTERN RAILWAY WORKSHOP, KANCHRAPARA","Gold","2023-03-28","2026-03-27","30","priyank50@gmail.com","8981219959",NULL,NULL,"2023-05-25 17:53:28.0000",NULL,NULL
"250","INDIAN OIL CORPORATION LIMITED; COIMBATORE AVIATION FUEL STATION","Bronze","2023-03-29","2026-03-28","59","vimaleswarlal@yahoo.com","9442673005",NULL,NULL,"2023-05-25 17:54:26.0000",NULL,NULL
"251","INDIAN OIL CORPORATION LIMITED, OIL TERMINAL","Silver","2023-02-24","2026-02-23","59","keerthi.dsouza@lgpsllp.com","9880287232",NULL,NULL,"2023-05-25 18:02:16.0000",NULL,NULL
"252","INDIAN OIL CORPORATION LTD, INDANE BOTTLING PLANT","Silver","2023-02-24","2026-02-23","59","vimaleswarlal@yahoo.com","9442673005",NULL,NULL,"2023-05-25 18:03:28.0000",NULL,NULL
"253","INDIAN RAILWAYS, CARRIAGE REPAIR WORKSHOP, LOWER PAREL, WESTERN RAILWAY","Silver","2023-02-20","2026-02-19","31","varun@decalorie.com","7014755821",NULL,NULL,"2023-05-25 18:04:30.0000",NULL,NULL
"254","ADH POLYMER PVT LTD","Gold","2023-02-14","2026-02-13","33","jayenelectrolinks@gmail.com","9958063336",NULL,NULL,"2023-05-25 18:05:17.0000",NULL,NULL
"255","INDIAN OIL CORPORATION LIMITED, OIL TERMINAL; DUMAD; GUJARAT","Silver","2023-02-13","2026-02-12","59","priyank50@gmail.com","8981219959",NULL,NULL,"2023-05-25 18:14:08.0000",NULL,NULL
"256","INDIAN OIL CORPORATION LIMITED, BITUMEN DEPOT; KOYALI; GUJARAT","Silver","2023-02-13","2026-02-12","59","priyank50@gmail.com","8981219959",NULL,NULL,"2023-05-25 18:15:28.0000",NULL,NULL
"257","KEMPEGOWDA INTERNATIONAL AIRPORT","Silver","2005-07-04","2008-07-07","1",NULL,NULL,NULL,NULL,"2023-05-25 18:16:45.0000","2023-05-25 18:49:51",NULL
"258","TATA STEEL INDIA, GLOBAL WIRES INDIA","Gold","2019-12-01","2022-11-01","63",NULL,NULL,NULL,NULL,"2023-05-25 18:20:05.0000",NULL,NULL
"259","Brakes India Limited (Foundry Division)","Gold","2013-01-01","2016-01-01","58",NULL,NULL,"1",NULL,"2023-05-18 13:26:29.0000","2023-05-25 18:46:33",NULL
"260","Thyssenkrupp Electrical Steel Limited","Silver","2013-02-01","2016-01-01","63",NULL,NULL,"1",NULL,"2023-05-18 13:26:29.0000","2023-05-25 18:48:56",NULL
"261","Hindustan Unilever Limited","Silver","2013-04-01","2016-03-01","13",NULL,NULL,"1",NULL,"2023-05-18 13:26:29.0000","2023-05-25 18:51:28",NULL
"262","ITC Ltd - PSPD","Gold","2013-05-01","2016-05-01","29",NULL,NULL,"1",NULL,"2023-05-18 13:26:29.0000","2023-05-25 18:52:27",NULL
"263","ACC Ltd","Silver","2013-07-01","2016-06-01","6",NULL,NULL,"1",NULL,"2023-05-18 13:26:29.0000","2023-05-25 18:58:00",NULL
"264","JK Tyre & Industries Ltd","Bronze","2013-07-01","2016-06-01","11",NULL,NULL,"1",NULL,"2023-05-18 13:26:29.0000","2023-05-25 19:06:33",NULL
"265","Godrej & Boyce Manufacturing Co. Ltd,Godrej Locking Solutions & Systems","Silver","2013-08-01","2016-07-01","11",NULL,NULL,"1",NULL,"2023-05-18 13:26:29.0000","2023-05-25 19:11:19",NULL
"266","Godrej & Boyce Mfg. Co. Ltd., Lawkim Motors Group","Gold","2013-09-02","2016-09-01","11",NULL,NULL,"1",NULL,"2023-05-18 13:26:29.0000","2023-05-25 19:12:42",NULL
"267","Godrej & Boyce- Appliance Division","Gold","2013-10-01","2014-04-01","54",NULL,NULL,"1",NULL,"2023-05-18 13:26:29.0000","2023-05-25 19:14:22",NULL
"268","Hyderabad Industries Limited","Gold","2013-10-01","2016-09-01","11",NULL,NULL,"1",NULL,"2023-05-18 13:26:29.0000","2023-05-25 19:15:02",NULL
"269","Kirloskar Brothers Limited","Silver","2014-02-01","2017-01-01","11",NULL,NULL,"1",NULL,"2023-05-18 13:26:29.0000","2023-05-25 19:16:12",NULL
"270","Tata Motors Limited, PVBU","Gold","2014-02-01","2017-01-01","3",NULL,NULL,"1",NULL,"2023-05-18 13:26:29.0000","2023-05-25 19:20:17",NULL
"271","Larsen & Toubro Ltd","Gold","2014-04-01","2017-02-01","11",NULL,NULL,"1",NULL,"2023-05-18 13:26:29.0000","2023-05-25 19:20:57",NULL
"272","Shree Cement","Gold","2014-04-01","2017-03-01","6",NULL,NULL,"1",NULL,"2023-05-18 13:26:29.0000","2023-05-25 19:21:32",NULL
"273","JK Tyre & Industries Ltd, VIkrant Tyre Plant","Silver","2014-04-07","2017-04-06","11",NULL,NULL,"1",NULL,"2023-05-18 13:26:29.0000","2023-05-25 19:07:28",NULL
"274","ACC Ltd","Gold","2014-04-01","2017-04-01","6",NULL,NULL,"1",NULL,"2023-05-18 13:26:29.0000","2023-05-25 18:59:04",NULL
"275","Godrej & Boyce Mfg. Co. Ltd, Godrej Interio","Silver","2014-06-01","2017-05-01","11",NULL,NULL,"1",NULL,"2023-05-18 13:26:29.0000","2023-05-25 19:22:37",NULL
"276","Tata Motors Limited - CVBU","Gold","2017-03-01","2020-02-01","3",NULL,NULL,"1",NULL,"2023-05-18 13:26:29.0000","2023-05-25 19:25:13",NULL
"277","ACC Ltd","Silver","2014-07-01","2017-06-01","6",NULL,NULL,"1",NULL,"2023-05-18 13:26:29.0000","2023-05-25 18:59:51",NULL
"278","Dr Reddy CTO-2","Bronze","2014-08-01","2017-07-01","26",NULL,NULL,"1",NULL,"2023-05-18 13:26:29.0000","2023-05-25 19:26:18",NULL
"279","Sundram Fasteners Limited","Gold","2015-01-01","2018-12-01","11",NULL,NULL,"1",NULL,"2023-05-18 13:26:29.0000","2023-05-25 19:27:40",NULL
"280","JK Tyre & Industries Ltd","Gold","2014-10-30","2017-10-29","11",NULL,NULL,"1",NULL,"2023-05-18 13:26:29.0000","2023-05-25 19:04:43",NULL
"281","Kirloskar Brothers Limited","Silver","2014-11-01","2017-10-01","11",NULL,NULL,"1",NULL,"2023-05-18 13:26:29.0000","2023-05-25 19:16:47",NULL
"282","Mphasis","Bronze","2014-11-01","2017-10-01","18",NULL,NULL,"1",NULL,"2023-05-18 13:26:29.0000","2023-05-25 19:28:19",NULL
"283","Sundram Fasteners Limited","Gold","2014-10-01","2017-09-01","11",NULL,NULL,"1",NULL,"2023-05-18 13:26:29.0000","2023-05-25 19:27:02",NULL
"284","Hero MotoCorp Limited","Gold","2019-01-01","2022-12-01","3",NULL,NULL,"1",NULL,"2023-05-18 13:26:29.0000","2023-05-25 19:32:30",NULL
"285","JK Lakhsmi Cement Ltd","Silver","2015-02-01","2018-01-01","6",NULL,NULL,"1",NULL,"2023-05-18 13:26:29.0000","2023-05-25 19:33:34",NULL
"286","Kirloskar Brothers Ltd","Silver","2015-02-01","2018-01-01","11",NULL,NULL,"1",NULL,"2023-05-18 13:26:29.0000","2023-05-25 19:34:11",NULL
"287","Hindustan Petroleum Corporation Limited - Lube Plant","Silver","2015-03-01","2018-03-01","25",NULL,NULL,"1",NULL,"2023-05-18 13:26:29.0000","2023-05-25 19:35:45",NULL
"288","Tata Motors Limited","Gold","2015-06-22","2018-06-21","3",NULL,NULL,"1",NULL,"2023-05-18 13:26:29.0000","2023-05-25 23:23:00",NULL
"289","Delhi International Airport Pvt Ltd","Gold","2015-04-01","2016-05-25","1",NULL,NULL,"1",NULL,"2023-05-18 13:26:29.0000","2023-05-25 23:15:52",NULL
"290","S P Textile Processors Pvt Ltd","Silver",NULL,NULL,NULL,NULL,NULL,"1",NULL,"2023-05-18 13:26:29.0000",NULL,NULL
"291","Kirloskar Oil Engines Ltd","Gold","2015-04-20","2018-04-19","11",NULL,NULL,"1",NULL,"2023-05-18 13:26:29.0000","2023-05-25 23:18:32",NULL
"292","Nippon Paint ( India ) Pvt Ltd","Silver","2015-05-01","2018-04-30","53",NULL,NULL,"1",NULL,"2023-05-18 13:26:29.0000","2023-05-25 23:19:56",NULL
"293","Tamilnadu Newsprint and Papers Ltd","Gold","2015-06-01","2018-05-31","29",NULL,NULL,"1",NULL,"2023-05-18 13:26:29.0000","2023-05-25 23:21:20",NULL
"294","ITC Ltd - PSPD","Platinum","2018-07-01","2021-05-01","29",NULL,NULL,"1",NULL,"2023-05-18 13:26:29.0000","2023-05-25 18:56:45",NULL
"295","Tata Motors Limited","Gold","2015-03-01","2018-02-01","3",NULL,NULL,"1",NULL,"2023-05-18 13:26:29.0000","2023-05-25 23:12:17",NULL
"296","Cipla Ltd","Silver","2015-07-01","2018-06-01","26",NULL,NULL,"1",NULL,"2023-05-18 13:26:29.0000","2023-05-25 23:24:11",NULL
"297","Godrej & Boyce Manufacturing Company Limited, Precision Engineering Division, Mumbai","Silver","2015-07-01","2018-06-01","11",NULL,NULL,"1",NULL,"2023-05-18 13:26:29.0000","2023-05-25 23:25:18",NULL
"298","Godrej Industries Limited","Silver","2015-07-01","2018-06-01","7",NULL,NULL,"1",NULL,"2023-05-18 13:26:29.0000","2023-05-25 23:26:50",NULL
"299","Hindustan Coca Cola Beverages Pvt Ltd","Gold","2015-07-01","2018-06-01","55",NULL,NULL,"1",NULL,"2023-05-18 13:26:29.0000","2023-05-25 23:28:48",NULL
"300","HPCL - LPG Plant","Silver","2015-07-01","2018-06-01","59",NULL,NULL,"1",NULL,"2023-05-18 13:26:29.0000","2023-05-25 23:30:34",NULL
"301","Kirloskar Brothers Limited","Silver","2015-11-01","2018-11-01","11",NULL,NULL,"1",NULL,"2023-05-18 13:26:29.0000","2023-05-25 19:17:24",NULL
"302","HPCL - VVSPL Despatch Facility","Platinum","2016-01-01","2019-12-01","59",NULL,NULL,"1",NULL,"2023-05-18 13:26:29.0000","2023-05-25 23:31:51",NULL
"303","HPCL - White Oil Terminal","Gold","2016-01-01","2019-12-01","59",NULL,NULL,"1",NULL,"2023-05-18 13:26:29.0000","2023-05-25 23:34:25",NULL
"304","Rialto Enterprises Pvt Ltd","Silver","2016-01-01","2019-12-01","13",NULL,NULL,"1",NULL,"2023-05-18 13:26:29.0000","2023-05-25 23:45:31",NULL
"305","UltraTech Cement Ltd","Gold","2016-02-01","2019-01-01","6",NULL,NULL,"1",NULL,"2023-05-18 13:26:29.0000","2023-05-25 23:46:42",NULL
"306","Mumbai International Airport Pvt Ltd,Chhatrapati Shivaji International Airport, Mumbai","Gold","2016-12-01","2019-11-01","1",NULL,NULL,"1",NULL,"2023-05-18 13:26:29.0000","2023-05-26 12:29:20",NULL
"307","Cummins Technologies India Private Limited, Cummins Turbo Technology","Gold","2016-03-01","2019-03-01","11",NULL,NULL,"1",NULL,"2023-05-18 13:26:29.0000","2023-05-25 23:49:06",NULL
"308","Kirloskar Brothers Limited","Bronze","2016-03-01","2019-03-01","11",NULL,NULL,"1",NULL,"2023-05-18 13:26:29.0000","2023-05-25 19:17:59",NULL
"309","Godrej & Boyce Mfg Co. Ltd, Security Solution Division . Plant 17","Silver","2016-04-01","2019-02-01","11",NULL,NULL,"1",NULL,"2023-05-18 13:26:29.0000","2023-05-25 23:50:02",NULL
"310","JCB India Limited","Silver","2016-04-01","2019-03-01","57",NULL,NULL,"1",NULL,"2023-05-18 13:26:29.0000","2023-05-25 23:51:02",NULL
"311","Delhi International Airport Pvt Ltd","Platinum","2016-05-01","2019-04-01","1",NULL,NULL,"1",NULL,"2023-05-18 13:26:29.0000","2023-05-25 23:52:19",NULL
"312","Godrej & Boyce Mfg. Co. Ltd., Lawkim Motors Group","Platinum","2016-05-01","2019-04-01","11",NULL,NULL,"1",NULL,"2023-05-18 13:26:29.0000","2023-05-25 19:13:30",NULL
"313","Jk Tyre Industries Limited","Bronze","2016-05-01","2019-05-01","11",NULL,NULL,"1",NULL,"2023-05-18 13:26:29.0000","2023-05-25 23:54:20",NULL
"314","Kempegowda International Airport","Platinum","2016-05-01","2019-04-01","1",NULL,NULL,"1",NULL,"2023-05-18 13:26:29.0000","2023-05-25 18:50:30",NULL
"315","KHUTALE ENGINEERING PVT LTD.","Platinum","2016-05-01","2019-05-01","11",NULL,NULL,"1",NULL,"2023-05-18 13:26:29.0000","2023-05-25 23:55:47",NULL
"316","SA Glass Ltd","Platinum","2016-05-01","2019-05-01","11",NULL,NULL,"1",NULL,"2023-05-18 13:26:29.0000","2023-05-25 23:56:48",NULL
"317","TATA MOTORS LTD","Gold","2016-05-01","2019-04-01","3",NULL,NULL,"1",NULL,"2023-05-18 13:26:29.0000","2023-05-26 12:10:19",NULL
"318","Ultratech Cement, Reddipalayam Cement Works","Gold","2016-06-01","2019-05-01","6",NULL,NULL,"1",NULL,"2023-05-18 13:26:29.0000","2023-05-26 12:14:22",NULL
"319","Ajay Poly Pvt Limited","Gold","2016-07-01","2019-06-01","11",NULL,NULL,"1",NULL,"2023-05-18 13:26:29.0000","2023-05-26 12:15:25",NULL
"320","Cummins India Limited, Power Generation Business Unit, SEZ Plant","Gold","2016-07-01","2019-07-01","11",NULL,NULL,"1",NULL,"2023-05-18 13:26:29.0000","2023-05-26 12:16:09",NULL
"321","Godrej & Boyce Mfg Co.Ltd, Interio Division","Platinum","2016-07-01","2019-06-01","11",NULL,NULL,"1",NULL,"2023-05-18 13:26:29.0000","2023-05-26 12:17:07",NULL
"322","Godrej & Boyce Mfg. Co. Ltd, Godrej Interio Plant 13 & 14","Gold","2016-07-01","2019-06-01","11",NULL,NULL,"1",NULL,"2023-05-18 13:26:29.0000","2023-05-25 19:23:31",NULL
"323","Jindal Steel & Power Limited","Gold","2016-07-01","2019-06-01","63",NULL,NULL,"1",NULL,"2023-05-18 13:26:29.0000","2023-05-26 12:18:18",NULL
"324","Kesoram Industries - Vasavadatta Cement","Gold","2016-07-01","2019-06-01","6",NULL,NULL,"1",NULL,"2023-05-18 13:26:29.0000","2023-05-26 12:21:51",NULL
"325","Nippon Paint (India) Pvt Ltd","Gold","2016-08-01","2019-07-01","53",NULL,NULL,"1",NULL,"2023-05-18 13:26:29.0000","2023-05-26 12:20:51",NULL
"326","Lucas TVS","Gold","2016-10-01","2019-09-01","11",NULL,NULL,"1",NULL,"2023-05-18 13:26:29.0000","2023-05-26 12:23:57",NULL
"327","Lucas TVS","Gold","2016-10-01","2019-09-01","11",NULL,NULL,"1",NULL,"2023-05-18 13:26:29.0000","2023-05-26 12:25:09",NULL
"328","Godrej & Boyce Mfg Co Ltd, Godrej Tooling Division","Silver","2016-11-01","2019-10-01","11",NULL,NULL,"1",NULL,"2023-05-18 13:26:29.0000","2023-05-26 12:25:53",NULL
"329","Tata Motors Limited","Silver","2016-11-01","2019-10-01","3",NULL,NULL,"1",NULL,"2023-05-18 13:26:29.0000","2023-05-26 12:26:40",NULL
"330","Zuari Cement","Gold","2016-11-01","2019-10-01","6",NULL,NULL,"1",NULL,"2023-05-18 13:26:29.0000","2023-05-26 12:27:23",NULL
"331","Mumbai International Airport Pvt Ltd,Chhatrapati Shivaji International Airport, Mumbai","Gold","2016-02-15","2019-02-14","1",NULL,NULL,"1",NULL,"2023-05-18 13:26:29.0000","2023-05-25 23:47:46",NULL
"332","ITC Ltd - PSPD","Platinum","2005-07-08","2008-07-11","29",NULL,NULL,"1",NULL,"2023-05-18 13:26:29.0000","2023-05-25 18:55:48",NULL
"333","Rail Spring Karkhana","Silver","2017-01-25","2020-01-24","31",NULL,NULL,"1",NULL,"2023-05-18 13:26:29.0000","2023-05-26 12:30:20",NULL
"334","Carriage and Wagon Workshop","Bronze","2017-02-01","2020-02-01","30",NULL,NULL,"1",NULL,"2023-05-18 13:26:29.0000","2023-05-26 12:33:53",NULL
"335","JSW Cement Limited","Gold","2017-02-01","2020-01-01","6",NULL,NULL,"1",NULL,"2023-05-18 13:26:29.0000","2023-05-26 12:34:53",NULL
"336","Marico Ltd","Gold","2017-02-01","2020-01-01","13",NULL,NULL,"1",NULL,"2023-05-18 13:26:29.0000","2023-05-27 20:33:59",NULL
"337","Reliance Industries Ltd","Gold","2017-02-01","2020-01-01","25",NULL,NULL,"1",NULL,"2023-05-18 13:26:29.0000","2023-05-27 20:45:25",NULL
"338","Tata Steel Limited","Platinum","2017-02-01","2020-01-01","63",NULL,NULL,"1",NULL,"2023-05-18 13:26:29.0000","2023-05-27 20:50:29",NULL
"339","VISAKA INDUSTRIES LIMITED","Gold","2017-02-01","2020-01-01","56",NULL,NULL,"1",NULL,"2023-05-18 13:26:29.0000","2023-05-27 20:52:56",NULL
"340","Tata Motors Limited - CVBU","Gold","2014-06-01","2017-05-31","3",NULL,NULL,"1",NULL,"2023-05-18 13:26:29.0000","2023-05-25 19:24:18",NULL
"341","Tata Steel Distribution Pvt Limited","Gold","2017-03-01","2020-02-01","63",NULL,NULL,"1",NULL,"2023-05-18 13:26:29.0000","2023-05-27 20:54:23",NULL
"342","VE Commercial Vehicles Ltd","Bronze","2017-03-01","2020-02-01","3",NULL,NULL,"1",NULL,"2023-05-18 13:26:29.0000","2023-05-27 20:55:56",NULL
"343","Godrej Consumer Products Ltd","Gold","2017-04-01","2020-03-01","13",NULL,NULL,"1",NULL,"2023-05-18 13:26:29.0000","2023-05-27 20:58:06",NULL
"344","Integral Coach Factory","Silver","2017-04-01","2020-04-01","31",NULL,NULL,"1",NULL,"2023-05-18 13:26:29.0000","2023-05-27 21:01:39",NULL
"345","Railways - Rayanapadu Workshop","Gold","2017-05-01","2020-04-01","30",NULL,NULL,"1",NULL,"2023-05-18 13:26:29.0000","2023-05-27 21:03:16",NULL
"346","TML Drivelines Limited","Gold","2017-05-01","2020-04-01","11",NULL,NULL,"1",NULL,"2023-05-18 13:26:29.0000","2023-05-27 21:04:52",NULL
"347","ACC Ltd","Gold","2017-07-01","2020-07-01","6",NULL,NULL,"1",NULL,"2023-05-18 13:26:29.0000","2023-05-25 19:00:47",NULL
"348","Acropolis Industries","Gold","2017-07-01","2020-06-01","11",NULL,NULL,"1",NULL,"2023-05-18 13:26:29.0000","2023-05-27 21:09:07",NULL
"349","Amber Enterprises India Pvt Ltd","Gold","2017-07-01","2020-06-01","11",NULL,NULL,"1",NULL,"2023-05-18 13:26:29.0000","2023-05-27 21:10:19",NULL
"350","Amber Enterprises India Pvt Ltd","Gold","2017-07-01","2020-06-01","11",NULL,NULL,"1",NULL,"2023-05-18 13:26:29.0000","2023-05-27 21:11:06",NULL
"351","Burckhardt Compression India Private Limited","Gold","2017-07-01","2020-06-01","11",NULL,NULL,"1",NULL,"2023-05-18 13:26:29.0000","2023-05-27 21:13:10",NULL
"352","Carefine Woodworks Pvt. Ltd","Silver","2017-07-01","2020-06-01","11",NULL,NULL,"1",NULL,"2023-05-18 13:26:29.0000","2023-05-27 21:14:48",NULL
"353","Carriage Repair Workshop","Bronze","2017-07-01","2020-06-01","30",NULL,NULL,"1",NULL,"2023-05-18 13:26:29.0000","2023-05-27 21:24:54",NULL
"354","Carriage Repair Workshop","Gold","2017-07-01","2020-06-01","30",NULL,NULL,"1",NULL,"2023-05-18 13:26:29.0000","2023-05-27 21:26:04",NULL
"355","Carriage Workshop, North Western Railway","Silver","2017-07-01","2020-07-01","30",NULL,NULL,"1",NULL,"2023-05-18 13:26:29.0000","2023-05-27 21:27:28",NULL
"356","Carriage Workshop, South Central Railway","Silver","2017-07-01","2020-07-01","30",NULL,NULL,"1",NULL,"2023-05-18 13:26:29.0000","2023-05-27 21:28:25",NULL
"357","Clad Metal (India) Pvt. Ltd.","Gold","2017-07-01","2020-06-01","11",NULL,NULL,"1",NULL,"2023-05-18 13:26:29.0000","2023-05-27 21:29:19",NULL
"358","Corru Cartons (India) Pvt. Ltd","Gold","2017-07-01","2020-07-01","11",NULL,NULL,"1",NULL,"2023-05-18 13:26:29.0000","2023-05-27 21:30:34",NULL
"359","Diesel Loco Modernisation Works - DMU","Gold","2017-07-01","2020-06-01","31",NULL,NULL,"1",NULL,"2023-05-18 13:26:29.0000","2023-05-27 21:33:13",NULL
"360","Elegant Coatings Pvt. Ltd","Gold","2017-07-01","2020-07-01","11",NULL,NULL,"1",NULL,"2023-05-18 13:26:29.0000","2023-05-27 21:40:08",NULL
"361","Fimakem India Limited","Gold","2017-07-01","2020-07-01","7",NULL,NULL,"1",NULL,"2023-05-18 13:26:29.0000","2023-05-27 21:41:32",NULL
"362","Fimakem India Limited","Gold","2017-07-01","2020-07-01","7",NULL,NULL,"1",NULL,"2023-05-18 13:26:29.0000","2023-05-27 21:42:24",NULL
"363","Seshasayee Paper & Boards Limited","Gold","2017-07-01","2020-06-01","29",NULL,NULL,"1",NULL,"2023-05-18 13:26:29.0000","2023-05-27 21:45:11",NULL
"364","Avadhoot Paper Packaging Pvt Ltd","Silver","2017-08-01","2020-07-01","11",NULL,NULL,"1",NULL,"2023-05-18 13:26:29.0000","2023-05-27 21:46:17",NULL
"365","Deisel Locomotive Works","Silver","2017-08-01","2020-07-01","31",NULL,NULL,"1",NULL,"2023-05-18 13:26:29.0000","2023-05-27 21:47:25",NULL
"366","Valvoline Cummins","Gold","2017-09-01","2020-09-01","11",NULL,NULL,"1",NULL,"2023-05-18 13:26:29.0000","2023-05-27 21:51:34",NULL
"367","Lucas TVS","Bronze","2017-10-01","2020-09-01","11",NULL,NULL,"1",NULL,"2023-05-18 13:26:29.0000","2023-05-27 21:53:12",NULL
"368","Atharva Poly Plast Pvt. Ltd","Gold","2017-11-01","2020-10-01","11",NULL,NULL,"1",NULL,"2023-05-18 13:26:29.0000","2023-05-28 11:43:47",NULL
"369","Carriage Workshop","Bronze","2017-11-01","2020-10-01","30",NULL,NULL,"1",NULL,"2023-05-18 13:26:29.0000","2023-05-28 11:46:44",NULL
"370","HPCL, Vizag LPG Unit","Platinum","2017-11-01","2020-10-01","59",NULL,NULL,"1",NULL,"2023-05-18 13:26:29.0000","2023-05-28 11:47:59",NULL
"371","My Home Industries Limited","Gold","2017-11-01","2020-10-01","6",NULL,NULL,"1",NULL,"2023-05-18 13:26:29.0000","2023-05-28 12:01:40",NULL
"372","Wagon Repair Workshop","Bronze","2017-12-01","2020-12-01","30",NULL,NULL,"1",NULL,"2023-05-18 13:26:29.0000","2023-05-28 12:02:59",NULL
"373","Central Workshop, South-Western Railway","Gold",NULL,NULL,NULL,NULL,NULL,"1",NULL,"2023-05-18 13:26:29.0000",NULL,NULL
"374","Gorakhpur Workshop","Certified",NULL,NULL,NULL,NULL,NULL,"1",NULL,"2023-05-18 13:26:29.0000",NULL,NULL
"375","Iconic Castings Pvt. Ltd.","Bronze",NULL,NULL,NULL,NULL,NULL,"1",NULL,"2023-05-18 13:26:29.0000",NULL,NULL
"376","Jay Industries","Gold",NULL,NULL,NULL,NULL,NULL,"1",NULL,"2023-05-18 13:26:29.0000",NULL,NULL
"377","K India, Baddi Ltd","Silver",NULL,NULL,NULL,NULL,NULL,"1",NULL,"2023-05-18 13:26:29.0000",NULL,NULL
"378","K Plast Industries","Gold",NULL,NULL,NULL,NULL,NULL,"1",NULL,"2023-05-18 13:26:29.0000",NULL,NULL
"379","Kashish Panel Works","Silver",NULL,NULL,NULL,NULL,NULL,"1",NULL,"2023-05-18 13:26:29.0000",NULL,NULL
"380","Mech Tech Industries","Silver",NULL,NULL,NULL,NULL,NULL,"1",NULL,"2023-05-18 13:26:29.0000",NULL,NULL
"381","M-Tech Innovations Limited","Gold",NULL,NULL,NULL,NULL,NULL,"1",NULL,"2023-05-18 13:26:29.0000",NULL,NULL
"382","Nahar Paper and Board Mills Pvt Ltd","Platinum",NULL,NULL,NULL,NULL,NULL,"1",NULL,"2023-05-18 13:26:29.0000",NULL,NULL
"383","P M Electro-Auto Pvt. Ltd","Silver",NULL,NULL,NULL,NULL,NULL,"1",NULL,"2023-05-18 13:26:29.0000",NULL,NULL
"384","PM ELECTRO AUTO PVT LTD","Silver",NULL,NULL,NULL,NULL,NULL,"1",NULL,"2023-05-18 13:26:29.0000",NULL,NULL
"385","Radhe Industries","Platinum",NULL,NULL,NULL,NULL,NULL,"1",NULL,"2023-05-18 13:26:29.0000",NULL,NULL
"386","Sharada Industries, MIDC Pimpri-Chinchwad","Bronze",NULL,NULL,NULL,NULL,NULL,"1",NULL,"2023-05-18 13:26:29.0000",NULL,NULL
"387","Siddhi Elasto Pvt. Ltd","Certified",NULL,NULL,NULL,NULL,NULL,"1",NULL,"2023-05-18 13:26:29.0000",NULL,NULL
"388","Sood Poly Products","Silver",NULL,NULL,NULL,NULL,NULL,"1",NULL,"2023-05-18 13:26:29.0000",NULL,NULL
"389","STI Sanoh India Pvt. Ltd","Gold",NULL,NULL,NULL,NULL,NULL,"1",NULL,"2023-05-18 13:26:29.0000",NULL,NULL
"390","Texla Plastics & Metals Pvt. Ltd","Gold",NULL,NULL,NULL,NULL,NULL,"1",NULL,"2023-05-18 13:26:29.0000",NULL,NULL
"391","Win Win Technologies","Gold",NULL,NULL,NULL,NULL,NULL,"1",NULL,"2023-05-18 13:26:29.0000",NULL,NULL
"392","Windsor Industries Private Limited","Gold",NULL,NULL,NULL,NULL,NULL,"1",NULL,"2023-05-18 13:26:29.0000",NULL,NULL
"393","Wudhouse Designs Pvt. Ltd","Silver",NULL,NULL,NULL,NULL,NULL,"1",NULL,"2023-05-18 13:26:29.0000",NULL,NULL
"394","Carriage Workshop","Bronze","2018-01-01","2021-12-01","30",NULL,NULL,"1",NULL,"2023-05-18 13:26:29.0000","2023-05-28 12:14:57",NULL
"395","Diesel Loco Shed","Gold","2018-01-01","2021-04-01","31",NULL,NULL,"1",NULL,"2023-05-18 13:26:29.0000","2023-05-28 12:17:22",NULL
"396","JK Cement Ltd","Gold","2018-01-01","2021-12-01","6",NULL,NULL,"1",NULL,"2023-05-18 13:26:29.0000","2023-05-28 12:20:18",NULL
"397","Kirloskar Brothers Limited","Gold","2018-01-01","2021-12-01","11",NULL,NULL,"1",NULL,"2023-05-18 13:26:29.0000","2023-05-25 19:18:45",NULL
"398","Mettuguda Stores","Silver","2018-01-01","2021-12-01","31",NULL,NULL,"1",NULL,"2023-05-18 13:26:29.0000","2023-05-28 12:21:15",NULL
"399","Diesel Loco Shed - Moula Ali,","Gold","2018-01-01","2021-04-01","31",NULL,NULL,"1",NULL,"2023-05-18 13:26:29.0000","2023-05-28 12:22:40",NULL
"400","Rail Wheel Factory, Yelahanka","Silver","2018-01-01","2021-12-01","31",NULL,NULL,"1",NULL,"2023-05-18 13:26:29.0000","2023-05-28 12:23:36",NULL
"401","Tata Motors Limited","Platinum","2018-01-01","2021-12-01","3",NULL,NULL,"1",NULL,"2023-05-18 13:26:29.0000","2023-05-28 12:24:29",NULL
"402","Tata Steel Processing and Distribution Limited, CR Processing Unit","Gold","2018-01-01","2021-12-01","63",NULL,NULL,"1",NULL,"2023-05-18 13:26:29.0000","2023-05-28 12:25:17",NULL
"403","Carriage Repair Workshop, Mancheswar","Bronze","2018-02-01","2021-02-01","30",NULL,NULL,"1",NULL,"2023-05-18 13:26:29.0000","2023-05-28 12:26:19",NULL
"404","HPCL LPG Plant","Platinum","2018-02-01","2021-01-01","59",NULL,NULL,"1",NULL,"2023-05-18 13:26:29.0000","2023-05-28 12:27:24",NULL
"405","HPCL LPG Plant","Platinum","2018-02-01","2021-01-01","59",NULL,NULL,"1",NULL,"2023-05-18 13:26:29.0000","2023-05-28 12:28:50",NULL
"406","Ministry of Railways, Gooty","Silver","2018-02-01","2021-05-01","31",NULL,NULL,"1",NULL,"2023-05-18 13:26:29.0000","2023-05-28 12:45:23",NULL
"407","Wipro Ltd","Silver","2018-02-01","2021-01-01","18",NULL,NULL,"1",NULL,"2023-05-18 13:26:29.0000","2023-05-28 12:46:18",NULL
"408","Cummins India Limited - India Part Distribution Center","Gold","2018-03-01","2021-03-01","11",NULL,NULL,"1",NULL,"2023-05-18 13:26:29.0000","2023-05-28 12:47:19",NULL
"409","Cummins Technologies India Pvt Ltd, Recon, Phaltan","Gold","2018-03-01","2021-03-01","11",NULL,NULL,"1",NULL,"2023-05-18 13:26:29.0000","2023-05-28 14:50:04",NULL
"410","Diesel Loco Shed","Silver","2018-03-01","2021-06-01","31",NULL,NULL,"1",NULL,"2023-05-18 13:26:29.0000","2023-05-28 15:12:40",NULL
"411","EMU Mahalaxmi","Certified","2018-03-01","2021-03-01","31",NULL,NULL,"1",NULL,"2023-05-18 13:26:29.0000","2023-05-28 16:08:53",NULL
"412","HPCL Jodhpur POL Depot","Platinum","2018-03-01","2021-02-01","59",NULL,NULL,"1",NULL,"2023-05-18 13:26:29.0000","2023-05-28 16:10:35",NULL
"413","HPCL. Ajmer LPG plant","Gold","2018-03-01","2021-02-01","59",NULL,NULL,"1",NULL,"2023-05-18 13:26:29.0000","2023-05-28 16:11:23",NULL
"414","Kirloskar Brothers Limited","Gold","2018-03-01","2021-03-01","11",NULL,NULL,"1",NULL,"2023-05-18 13:26:29.0000","2023-05-25 19:19:26",NULL
"415","Mechanical Workshop","Silver","2018-03-01","2021-02-01","30",NULL,NULL,"1",NULL,"2023-05-18 13:26:29.0000","2023-05-28 16:13:38",NULL
"416","Modern Coach Factory","Platinum","2018-03-01","2021-02-01","31",NULL,NULL,"1",NULL,"2023-05-18 13:26:29.0000","2023-05-28 16:14:26",NULL
"417","Rockman Industries","Silver","2018-03-01","2021-02-01","11",NULL,NULL,"1",NULL,"2023-05-18 13:26:29.0000","2023-05-28 16:15:07",NULL
"418","Rolling Stock Workshop - Locomotive Workshop, Northern Railway","Bronze","2018-03-01","2021-02-01","30",NULL,NULL,"1",NULL,"2023-05-18 13:26:29.0000","2023-05-28 16:16:15",NULL
"419","Tata Cummins Ltd","Silver","2018-03-01","2021-03-01","11",NULL,NULL,"1",NULL,"2023-05-18 13:26:29.0000","2023-05-28 16:17:08",NULL
"420","Brakes India Limited (Foundry Division)","Platinum","2018-04-01","2021-04-01","58",NULL,NULL,"1",NULL,"2023-05-18 13:26:29.0000","2023-05-25 18:47:26",NULL
"421","Carriage & Wagon Workshop, Eastern Railway, Liluah","Gold","2018-04-01","2021-03-01","30",NULL,NULL,"1",NULL,"2023-05-18 13:26:29.0000","2023-05-28 16:18:01",NULL
"422","Diesel Loco Shed","Silver","2018-04-01","2021-07-01","31",NULL,NULL,"1",NULL,"2023-05-18 13:26:29.0000","2023-05-28 16:19:33",NULL
"423","Godrej & Boyce Mfg Co Ltd, Godrej Tooling Division","Gold","2018-04-01","2021-03-01","11",NULL,NULL,"1",NULL,"2023-05-18 13:26:29.0000","2023-05-28 16:20:19",NULL
"424","Hero MotoCorp Limited","Platinum","2018-04-01","2021-02-01","3",NULL,NULL,"1",NULL,"2023-05-18 13:26:29.0000","2023-05-25 19:30:18",NULL
"425","JK Tyre & Industries Ltd","Platinum","2018-04-01","2021-02-01","11",NULL,NULL,"1",NULL,"2023-05-18 13:26:29.0000","2023-05-25 19:05:36",NULL
"426","Titan Company Limited","Silver","2018-04-01","2021-03-01","61",NULL,NULL,"1",NULL,"2023-05-18 13:26:29.0000","2023-05-28 16:21:23",NULL
"427","Godrej Industries Limited","Gold","2018-04-26","2021-04-25","7",NULL,NULL,"1",NULL,"2023-05-18 13:26:29.0000","2023-05-28 16:22:21",NULL
"428","C R Garments and Shri Lakshmi Textile Processors","Silver","2018-05-01","2021-04-01","34",NULL,NULL,"1",NULL,"2023-05-18 13:26:29.0000","2023-05-28 16:23:19",NULL
"429","Carriage & Wagon Workshop, Western Railway","Gold","2018-05-01","2021-04-01","30",NULL,NULL,"1",NULL,"2023-05-18 13:26:29.0000","2023-05-28 16:26:26",NULL
"430","Diesel Loco & Wagon Repair Workshop","Bronze","2018-05-01","2021-04-01","30",NULL,NULL,"1",NULL,"2023-05-18 13:26:29.0000","2023-05-28 16:27:11",NULL
"431","Godrej & Boyce Manufacturing Pvt.Ltd, Plant 15, Process Equipment Division,","Gold","2018-05-01","2021-04-01","11",NULL,NULL,"1",NULL,"2023-05-18 13:26:29.0000","2023-05-28 16:27:54",NULL
"432","Mechanical Workshop","Bronze","2018-05-01","2021-04-01","30",NULL,NULL,"1",NULL,"2023-05-18 13:26:29.0000","2023-05-28 16:28:44",NULL
"433","Ministry of Railways, Bhavnagar Workshop","Silver","2018-05-01","2021-04-01","30",NULL,NULL,"1",NULL,"2023-05-18 13:26:29.0000","2023-05-28 16:29:29",NULL
"434","Vi-Son Cables Pvt Ltd","Bronze","2018-05-01","2021-05-01","11",NULL,NULL,"1",NULL,"2023-05-18 13:26:29.0000","2023-05-28 16:35:10",NULL
"435","Integral Coach Factory","Gold","2018-06-01","2021-05-01","31",NULL,NULL,"1",NULL,"2023-05-18 13:26:29.0000","2023-05-28 16:35:58",NULL
"436","ITC Ltd - PSPD","Platinum","2015-06-15","2018-06-14","29",NULL,NULL,"1",NULL,"2023-05-18 13:26:29.0000","2023-05-25 18:55:00",NULL
"437","Align Components Pvt.Ltd.","Silver","2018-07-01","2021-06-01","11",NULL,NULL,"1",NULL,"2023-05-18 13:26:29.0000","2023-05-28 16:36:46",NULL
"438","Chandla Industrial Plastics Pvt Ltd","Gold","2018-07-01","2021-06-01","11",NULL,NULL,"1",NULL,"2023-05-18 13:26:29.0000","2023-05-28 16:37:35",NULL
"439","Kirloskar Oil Engines Ltd","Platinum","2018-07-01","2021-06-01","11",NULL,NULL,"1",NULL,"2023-05-18 13:26:29.0000","2023-05-28 17:20:50",NULL
"440","Ministry of Railways - Jhansi","Silver","2018-07-01","2021-06-01","31",NULL,NULL,"1",NULL,"2023-05-18 13:26:29.0000","2023-05-28 17:22:37",NULL
"441","Tata Motors Ltd","Platinum","2018-07-01","2021-06-01","3",NULL,NULL,"1",NULL,"2023-05-18 13:26:29.0000","2023-05-26 12:11:22",NULL
"442","Wipro Enterprises (P) Ltd","Silver","2018-07-01","2021-06-01","11",NULL,NULL,"1",NULL,"2023-05-18 13:26:29.0000","2023-05-28 17:23:26",NULL
"443","ACC Ltd","Silver","2018-08-01","2021-07-01","6",NULL,NULL,"1",NULL,"2023-05-18 13:26:29.0000","2023-05-25 19:01:39",NULL
"444","Jagadhri Workshop","Gold","2018-08-01","2021-07-01","30",NULL,NULL,"1",NULL,"2023-05-18 13:26:29.0000","2023-05-28 17:25:19",NULL
"445","Kharagpur Railway Workshop, South Eastern Railway","Silver","2018-08-01","2021-07-01","30",NULL,NULL,"1",NULL,"2023-05-18 13:26:29.0000","2023-05-28 17:38:48",NULL
"446","Lakshmi Machine Works, Foundary Units I & II","Gold","2018-08-01","2021-07-01","58",NULL,NULL,"1",NULL,"2023-05-18 13:26:29.0000","2023-05-28 17:41:20",NULL
"447","Tata Steel Processing and Distribution Limited (Tolling Unit)","Silver","2018-08-01","2021-07-01","63",NULL,NULL,"1",NULL,"2023-05-18 13:26:29.0000","2023-05-28 17:42:36",NULL
"448","ACC Ltd - Bargarh Cement Works","Gold","2018-09-01","2021-05-01","6",NULL,NULL,"1",NULL,"2023-05-18 13:26:29.0000","2023-05-25 19:02:25",NULL
"449","AMR Power Pvt. Ltd. (Small Hydro - GreenKo Group)","Silver","2018-09-01","2021-08-01","32",NULL,NULL,"1",NULL,"2023-05-18 13:26:29.0000","2023-05-28 17:56:17",NULL
"450","Animala Wind Power Pvt Ltd","Gold","2018-09-01","2021-08-01","32",NULL,NULL,"1",NULL,"2023-05-18 13:26:29.0000","2023-05-28 17:57:13",NULL
"451","Asian Paints Limited","Gold","2018-09-01","2021-08-01","53",NULL,NULL,"1",NULL,"2023-05-18 13:26:29.0000","2023-05-28 17:58:09",NULL
"452","Cummins Technologies India Pvt. Ltd.(Recon Division)","Gold","2018-09-01","2021-09-01","11",NULL,NULL,"1",NULL,"2023-05-18 13:26:29.0000","2023-05-28 17:59:09",NULL
"453","Cummins Turbo Technologies","Gold","2018-09-01","2021-09-01","11",NULL,NULL,"1",NULL,"2023-05-18 13:26:29.0000","2023-05-28 18:45:10",NULL
"454","New Bongaigaon Workshop","Silver","2018-09-01","2021-08-01","30",NULL,NULL,"1",NULL,"2023-05-18 13:26:29.0000","2023-05-28 18:46:24",NULL
"455","Nilkamal Limited","Silver","2018-09-01","2021-08-01","11",NULL,NULL,"1",NULL,"2023-05-18 13:26:29.0000","2023-05-28 18:48:59",NULL
"456","Tata Cummins Ltd","Silver","2018-09-01","2021-09-01","11",NULL,NULL,"1",NULL,"2023-05-18 13:26:29.0000","2023-05-28 18:50:03",NULL
"457","Vulkan Technologies Pvt Ltd","Bronze","2018-09-01","2021-08-01","11",NULL,NULL,"1",NULL,"2023-05-18 13:26:29.0000","2023-05-28 18:50:49",NULL
"458","Zuvan Energy Pvt Ltd","Gold","2018-09-01","2021-08-01","32",NULL,NULL,"1",NULL,"2023-05-18 13:26:29.0000","2023-05-28 18:59:50",NULL
"459","DCM Shriram","Silver","2018-10-01","2021-08-01","7",NULL,NULL,"1",NULL,"2023-05-18 13:26:29.0000","2023-05-28 19:00:43",NULL
"460","E-Parisaraa Pvt Ltd (E Waste Recycler)","Gold","2018-10-01","2021-10-01","42",NULL,NULL,"1",NULL,"2023-05-18 13:26:29.0000","2023-05-28 19:03:09",NULL
"461","K G Fabriks Ltd.","Gold","2018-10-01","2021-09-01","34",NULL,NULL,"1",NULL,"2023-05-18 13:26:29.0000","2023-05-28 19:04:32",NULL
"462","Ministry of Railways, Dibrugarh Workshop","Bronze","2018-10-01","2021-09-01","30",NULL,NULL,"1",NULL,"2023-05-18 13:26:29.0000","2023-05-28 19:06:31",NULL
"463","Coach Rehabilitation Workshop, Nishatpura","Silver","2018-11-01","2021-10-01","30",NULL,NULL,"1",NULL,"2023-05-18 13:26:29.0000","2023-05-28 19:07:32",NULL
"464","Diamond Cements (Prop: Heidelberg Cement India Ltd) - Damoh","Silver","2018-11-01","2021-10-01","6",NULL,NULL,"1",NULL,"2023-05-18 13:26:29.0000","2023-05-28 19:08:15",NULL
"465","Heidelberg Cement India Ltd, Jhansi Unit (Grinding Unit)","Gold","2018-11-01","2021-10-01","6",NULL,NULL,"1",NULL,"2023-05-18 13:26:29.0000","2023-05-28 19:09:54",NULL
"466","JK Tyre & Industries Ltd, VIkrant Tyre Plant","Platinum","2018-11-01","2021-10-01","11",NULL,NULL,"1",NULL,"2023-05-18 13:26:29.0000","2023-05-25 19:08:40",NULL
"467","Kennametal India Limited","Gold","2018-11-01","2021-10-01","11",NULL,NULL,"1",NULL,"2023-05-18 13:26:29.0000","2023-05-28 19:10:52",NULL
"468","Ministry of Railways, Carriage Repair Workshop, Harnaut, East Central Railway","Bronze","2018-11-01","2021-10-01","30",NULL,NULL,"1",NULL,"2023-05-18 13:26:29.0000","2023-05-28 19:11:47",NULL
"469","Raipur Workshop, South East Central Railways","Bronze","2018-11-01","2021-10-01","30",NULL,NULL,"1",NULL,"2023-05-18 13:26:29.0000","2023-05-28 19:12:39",NULL
"470","The Ramaraju Surgical Cotton Mills Ltd - 1","Bronze","2018-11-01","2022-10-01","34",NULL,NULL,"1",NULL,"2023-05-18 13:26:29.0000","2023-05-28 19:13:24",NULL
"471","Bikaner Workshop","Bronze","2018-12-01","2021-11-01","30",NULL,NULL,"1",NULL,"2023-05-18 13:26:29.0000","2023-05-28 19:14:09",NULL
"472","Hero MotoCorp Limited","Gold","2018-12-01","2021-11-01","3",NULL,NULL,"1",NULL,"2023-05-18 13:26:29.0000","2023-05-25 19:31:09",NULL
"473","Honda Motorcycle and Scooter India Pvtd Ltd","Platinum","2018-12-01","2021-11-01","3",NULL,NULL,"1",NULL,"2023-05-18 13:26:29.0000","2023-05-28 19:15:06",NULL
"474","Lower Parel Workshop","Bronze","2018-12-01","2021-11-01","30",NULL,NULL,"1",NULL,"2023-05-18 13:26:29.0000","2023-05-28 19:15:58",NULL
"475","Carriage & Wagon Workshop Kalka","Silver",NULL,NULL,NULL,NULL,NULL,"1",NULL,"2023-05-18 13:26:29.0000",NULL,NULL
"476","Dahod Loco, C & W Workshop","Certified",NULL,NULL,NULL,NULL,NULL,"1",NULL,"2023-05-18 13:26:29.0000",NULL,NULL
"477","Indoline Industries Pvt Ltd","Bronze",NULL,NULL,NULL,NULL,NULL,"1",NULL,"2023-05-18 13:26:29.0000",NULL,NULL
"478","K.K. NAG PVT LTD","Bronze",NULL,NULL,NULL,NULL,NULL,"1",NULL,"2023-05-18 13:26:29.0000",NULL,NULL
"479","Mechanical Workshop","Certified",NULL,NULL,NULL,NULL,NULL,"1",NULL,"2023-05-18 13:26:29.0000",NULL,NULL
"480","Nanda Glass","Bronze",NULL,NULL,NULL,NULL,NULL,"1",NULL,"2023-05-18 13:26:29.0000",NULL,NULL
"481","Northern Railway Alambag Workshop","Bronze",NULL,NULL,NULL,NULL,NULL,"1",NULL,"2023-05-18 13:26:29.0000",NULL,NULL
"482","PAN PLAST (P) LTD","Silver",NULL,NULL,NULL,NULL,NULL,"1",NULL,"2023-05-18 13:26:29.0000",NULL,NULL
"483","Parel Loco Workshop","Certified",NULL,NULL,NULL,NULL,NULL,"1",NULL,"2023-05-18 13:26:29.0000",NULL,NULL
"484","Pine Plasticizer","Silver",NULL,NULL,NULL,NULL,NULL,"1",NULL,"2023-05-18 13:26:29.0000",NULL,NULL
"485","Rail Wheel Factory","Certified",NULL,NULL,NULL,NULL,NULL,"1",NULL,"2023-05-18 13:26:29.0000",NULL,NULL
"486","RANE PLASTICS PVT LTD","Gold",NULL,NULL,NULL,NULL,NULL,"1",NULL,"2023-05-18 13:26:29.0000",NULL,NULL
"487","S P Textile Processors Pvt Ltd","Silver","2015-04-01","2018-04-01","34",NULL,NULL,"1",NULL,"2023-05-18 13:26:29.0000","2023-05-25 23:17:04",NULL
"488","Sark Industries","Silver",NULL,NULL,NULL,NULL,NULL,"1",NULL,"2023-05-18 13:26:29.0000",NULL,NULL
"489","SILVER TECHNO MECH PVT. LTD","Silver","2005-07-10","2008-06-10","11",NULL,NULL,"1",NULL,"2023-05-18 13:26:29.0000","2023-06-08 11:55:38",NULL
"490","SRG Apparels","Silver",NULL,NULL,NULL,NULL,NULL,"1",NULL,"2023-05-18 13:26:29.0000",NULL,NULL
"491","SRG Apparels Ltd, Spinning Division, Tirupur","Gold",NULL,NULL,NULL,NULL,NULL,"1",NULL,"2023-05-18 13:26:29.0000",NULL,NULL
"492","Syndicate Impex","Silver",NULL,NULL,NULL,NULL,NULL,"1",NULL,"2023-05-18 13:26:29.0000",NULL,NULL
"493","Tata Steel Processing and Distribution Limited  - Tolling Unit","Gold",NULL,NULL,NULL,NULL,NULL,"1",NULL,"2023-05-18 13:26:29.0000",NULL,NULL
"494","UGC SUPPLY CHAIN SOLUTIONS PVT LTD","Bronze",NULL,NULL,NULL,NULL,NULL,"1",NULL,"2023-05-18 13:26:29.0000",NULL,NULL
"495","UKB Electronics Pvt Ltd","Bronze",NULL,NULL,NULL,NULL,NULL,"1",NULL,"2023-05-18 13:26:29.0000",NULL,NULL
"496","UNITED GASKETS & COMPONENTS PVT LTD","Bronze",NULL,NULL,NULL,NULL,NULL,"1",NULL,"2023-05-18 13:26:29.0000",NULL,NULL
"497","Vishwadeep Pressparts pvt ltd","Bronze",NULL,NULL,NULL,NULL,NULL,"1",NULL,"2023-05-18 13:26:29.0000",NULL,NULL
"498","Hero MotoCorp Limited","Gold","2015-02-01","2018-06-01","3",NULL,NULL,"1",NULL,"2023-05-18 13:26:29.0000","2023-05-25 19:29:29",NULL
"499","Atul Fasteners, Chandigarh","Bronze","2019-02-01","2022-02-01","11",NULL,NULL,"1",NULL,"2023-05-18 13:26:29.0000","2023-05-28 19:20:26",NULL
"500","Bhargava Poly Packs","Bronze","2019-02-01","2022-02-01","11",NULL,NULL,"1",NULL,"2023-05-18 13:26:29.0000","2023-05-28 19:21:11",NULL
"501","GDB Enterprises","Bronze","2019-02-01","2022-02-01","11",NULL,NULL,"1",NULL,"2023-05-18 13:26:29.0000","2023-05-28 19:21:51",NULL
"502","Godrej and Boyce MFG.CO.LTD, PES DIVISION","Platinum","2019-02-01","2022-05-01","11",NULL,NULL,"1",NULL,"2023-05-18 13:26:29.0000","2023-05-28 19:22:29",NULL
"503","Indrani Automotive & Engineering","Bronze","2019-02-01","2022-02-01","11",NULL,NULL,"1",NULL,"2023-05-18 13:26:29.0000","2023-05-28 19:23:06",NULL
"504","Oasis Connectivity","Bronze","2019-02-01","2022-02-01","11",NULL,NULL,"1",NULL,"2023-05-18 13:26:29.0000","2023-05-28 19:23:50",NULL
"505","Reliance Industries Ltd, Hosiarpur Manufacturing Division","Gold","2019-02-01","2022-01-01","25",NULL,NULL,"1",NULL,"2023-05-18 13:26:29.0000","2023-05-28 19:24:31",NULL
"506","Hindustan Petroleum Corporation Limited - Lube Plant","Platinum","2019-02-14","2021-02-13","25",NULL,NULL,"1",NULL,"2023-05-18 13:26:29.0000","2023-05-25 19:36:35",NULL
"507","Cummins Technologies India Pvt. Ltd. - High Horsepower","Silver","2019-04-01","2022-04-01","11",NULL,NULL,"1",NULL,"2023-05-18 13:26:29.0000","2023-05-28 19:25:26",NULL
"508","Godrej & Boyce Mfg. Co. Ltd., Interio Division","Gold","2019-06-01","2022-06-01","11",NULL,NULL,"1",NULL,"2023-05-18 13:26:29.0000","2023-05-28 19:26:05",NULL
"509","Rail Coach Factory","Bronze","2019-06-01","2022-05-01","31",NULL,NULL,"1",NULL,"2023-05-18 13:26:29.0000","2023-05-28 19:27:14",NULL
"510","Godrej & Boyce Mfg Co Ltd, Appliances Division","Platinum","2019-07-01","2022-07-01","54",NULL,NULL,"1",NULL,"2023-05-18 13:26:29.0000","2023-05-28 19:27:57",NULL
"511","Godrej & Boyce Mfg Co Ltd, Appliances Division","Platinum","2019-07-01","2022-07-01","54",NULL,NULL,"1",NULL,"2023-05-18 13:26:29.0000","2023-05-28 19:28:30",NULL
"512","Mahindra Vehicles Manufacturers Ltd","Silver","2019-07-01","2022-06-01","3",NULL,NULL,"1",NULL,"2023-05-18 13:26:29.0000","2023-05-28 19:29:10",NULL
"513","Denso Ten Minda India Pvt Ltd","Silver","2019-08-01","2022-07-01","11",NULL,NULL,"1",NULL,"2023-05-18 13:26:29.0000","2023-05-28 19:29:50",NULL
"514","Expanded Polymer Systems Pvt. Ltd","Bronze","2019-08-01","2022-07-01","7",NULL,NULL,"1",NULL,"2023-05-18 13:26:29.0000","2023-05-28 19:30:28",NULL
"515","Hindustan Sanitaryware & Industries Ltd, (Pipes Division)","Platinum","2019-08-01","2022-07-01","11",NULL,NULL,"1",NULL,"2023-05-18 13:26:29.0000","2023-05-28 19:31:10",NULL
"516","Sagar Cement, Mattampally Unit","Gold","2019-08-01","2022-07-01","6",NULL,NULL,"1",NULL,"2023-05-18 13:26:29.0000","2023-05-26 12:34:14",NULL
"517","Breech Oralcare Private Limited, Tooth Paste Division","Silver","2019-09-01","2022-10-01","13",NULL,NULL,"1",NULL,"2023-05-18 13:26:29.0000","2023-05-26 12:33:17",NULL
"518","Eastern Railway Workshop","Silver","2019-09-01","2022-12-01","30",NULL,NULL,"1",NULL,"2023-05-18 13:26:29.0000","2023-05-26 12:30:30",NULL
"519","Ratlam Diesel Shed","Gold","2019-09-01","2022-10-01","31",NULL,NULL,"1",NULL,"2023-05-18 13:26:29.0000","2023-05-26 12:29:13",NULL
"520","Cummins Technologies India Pvt Ltd, Recon, Phaltan","Platinum","2019-10-01","2022-10-01","11",NULL,NULL,"1",NULL,"2023-05-18 13:26:29.0000","2023-05-26 12:25:54",NULL
"521","Bharat Petroleum Corporation Limited(BPCL), Refinery","Silver","2019-11-01","2022-10-01","22",NULL,NULL,"1",NULL,"2023-05-18 13:26:29.0000","2023-05-26 12:23:17",NULL
"522","Godrej & Boyce Mfg Co Ltd, Appliances Division","Platinum+","2019-12-01","2022-11-01","54",NULL,NULL,"1",NULL,"2023-05-18 13:26:29.0000","2023-05-26 12:24:36",NULL
"523","Godrej & Boyce Mfg Co Ltd, Appliances Division","Platinum+","2019-12-01","2022-11-01","54",NULL,NULL,"1",NULL,"2023-05-18 13:26:29.0000","2023-05-26 12:18:29",NULL
"524","Indian Oil Corporation Ltd","Platinum","2019-12-01","2022-11-01","59",NULL,NULL,"1",NULL,"2023-05-18 13:26:29.0000","2023-05-26 12:17:15",NULL
"525","JK CEMENT WORKS, MUDDAPUR","Gold","2019-12-01","2022-11-01","6",NULL,NULL,"1",NULL,"2023-05-18 13:26:29.0000","2023-05-26 12:13:48",NULL
"526","GAIL JHABUA COMPRESSOR STATION, JHABUA","Silver","2023-04-25","2026-04-24","59","ymidasala@gail.co.in","8155986888",NULL,NULL,"2023-06-08 11:48:25.0000","2023-06-08 11:48:25",NULL
"527","HINDUSTAN PETROLEUM CORPORATION LIMITED, VADODARA TERMINAL, GUJARAT","Gold","2023-04-26","2026-04-25","59","abhijeetpawar@hpcl.in","9769499137",NULL,NULL,"2023-06-08 11:50:03.0000","2023-06-08 11:50:03",NULL
"528","INDIAN OIL CORPORATION LIMITED, SMART TERMINAL AND LABORATORY, UNA","Gold","2023-04-26","2026-04-25","59","bargujars@indianoil.in","8318661669",NULL,NULL,"2023-06-08 11:52:03.0000","2023-06-08 11:52:03",NULL
"529","K G FABRIKS, PERUNDURAI","Gold","2023-05-02","2026-05-01","49","jig.climatecare@kannapiran.co.in","9843153534",NULL,NULL,"2023-06-08 11:53:35.0000","2023-06-08 11:53:35",NULL
